,id,x0,x1,x2,x3,x4,intrusion,mass,penalized_mass
0,1,1.462821215391159,1.2136892508715391,-1.0230076778680086,-1.2712714448571203,0.3248152323067188,47.25157,3.6420641280000137,3.6420641280000137
1,2,-0.3450638707727194,-4.622620102018118,4.020963730290532,3.111073337495327,-3.998125698417425,48.48847,3.532299840000003,3.532299840000003
2,3,-4.825503313913941,3.225609920918941,-2.999149253591895,-3.1381602585315704,-1.0235411208122969,52.09494,3.2330534400000084,4.678508000000001
3,4,3.366659265011549,-2.3375882487744093,1.878749644383788,2.4795354902744293,4.539991216734052,43.54264,4.0403802240000095,4.0403802240000095
4,5,4.970419583842158,4.292631344869733,2.934433473274112,0.2847194392234087,3.5698442440479994,41.38446,4.304968128000006,4.304968128000006
5,6,-3.226616140455008,-0.1808103546500206,-2.177840350195765,-4.078094093129039,-2.086484776809812,54.25343,3.103928640000003,5.110206000000001
6,7,-1.3191137835383415,1.265470702201128,1.1682516429573298,4.671129742637277,-2.851562686264515,46.29118,3.738275712000014,3.738275712000014
7,8,0.4838791210204363,-2.8566972631961107,-3.797594690695405,-0.9660972561687232,1.5250635519623756,50.26776,3.369107520000012,4.313072000000002
8,9,1.1883638612926006,2.9411278013139963,0.3628490399569273,-4.441791297867894,-4.567943159490824,49.79229,3.4163665920000086,3.4163665920000086
9,10,-2.023291820660233,-1.330297365784645,-4.593255547806621,1.1954333167523146,1.0538963787257671,50.3506,3.365388864000008,4.32964
10,11,-2.5230183359235525,0.2654519490897655,3.740032175555825,-0.0550660584121942,4.00683187879622,45.27097,3.846279168000011,3.846279168000011
11,12,4.26529735326767,-4.357823887839913,-1.381992930546403,4.307745089754462,-0.3359247650951147,46.54397,3.7194024960000016,3.7194024960000016
12,13,2.66122174449265,2.2553642746061087,-3.453149693086744,3.3775623328983784,-1.553283715620637,46.23585,3.753549504000003,3.753549504000003
13,14,-4.122201763093472,-3.1628444232046604,1.4345004875212908,-2.2401310317218304,2.882262459024787,50.16131,3.386518848000009,4.291782000000001
14,15,-1.0489278100430963,4.540645182132721,-0.5691270437091589,1.5103781037032604,2.0948488265275955,44.83445,3.893520960000008,3.893520960000008
15,16,2.167601017281413,-1.1513279285281897,4.465102618560195,-2.871964294463396,-3.580687940120697,48.04588,3.569562432000004,3.569562432000004
16,17,2.354000378400088,4.722280707210302,-4.79118887335062,4.999004434794188,4.870265517383814,42.76965,4.136588352000009,4.136588352000009
17,18,-0.6990018952637911,-0.6895765010267496,0.2527062036097049,-0.657752025872469,-0.7286727242171764,48.67503,3.502557504000012,3.502557504000012
18,19,-3.856501979753375,2.0853635761886835,-1.7310824431478975,0.5914503522217274,-4.3283946346491575,51.27594,3.2987865600000026,4.514708
19,20,3.090543411672116,-3.5996095836162567,3.146892637014389,-3.751828949898482,0.0299414712935686,48.16673,3.5646894720000044,3.5646894720000044
20,21,3.986773351207376,0.3939489275217056,1.7005833610892296,-3.4466467890888453,1.860068393871188,45.68155,3.805693632000007,3.805693632000007
21,22,-2.9553795605897903,-3.87955523096025,-3.411766793578863,2.1515159215778112,-2.561729373410344,53.30603,3.151142784000013,4.920726000000001
22,23,-2.2249425388872623,2.7961131837219,4.902292545884848,-1.597696216776967,-2.4214842543005943,46.97496,3.6743448960000062,3.6743448960000062
23,24,0.8329331781715155,-1.8286694772541523,-0.0634776055812835,2.8041768353432417,3.280005566775799,45.43314,3.8285965440000016,3.8285965440000016
24,25,0.2877212688326835,1.7472847178578377,4.13545411080122,1.827339539304376,-0.0019888766109943,44.25414,3.9569368320000047,3.9569368320000047
25,26,-1.6788172256201506,-2.73433948867023,-0.8205742202699184,-2.574535897001624,4.298038836568594,49.22716,3.459881088000008,3.459881088000008
26,27,-3.5020886827260256,3.797961799427867,2.467236425727606,3.675994696095586,0.719964662566781,44.58199,3.920792256000005,3.920792256000005
27,28,4.531344193965197,-0.3318165056407451,-2.654865086078644,-1.9221703987568617,-4.859154289588332,50.1992,3.385297152000005,4.29936
28,29,3.6354105081409216,3.683658633381128,-2.224333770573139,-0.3523537516593933,-3.2517871353775263,46.97134,3.675912192000003,3.675912192000003
29,30,-4.4028958119452,-2.149961339309812,2.6633926667273045,3.9909279346466064,2.39078632555902,46.53689,3.719186496000004,3.719186496000004
30,31,-0.1531716436147689,0.7733788806945086,-4.29782846942544,-4.7595928981900215,2.5533658266067505,50.48863,3.357336384000001,4.357246
31,32,1.8084743712097409,-4.786481447517872,0.7363247871398926,0.897165946662426,-1.849225386977196,49.12302,3.4735495680000006,3.4735495680000006
32,33,1.577991126105189,3.3272143453359604,3.519561281427741,2.512770276516676,1.348935533314943,42.6573,4.142294208000011,4.142294208000011
33,34,-0.2249634824693203,-2.3599233385175467,-1.5146448370069263,-1.8549236841499803,-2.9887068830430508,52.13062,3.225175488000012,4.685644000000002
34,35,-4.633684270083904,0.9638075437396764,0.5051520932465792,1.8968059308826923,-1.9108908157795668,49.04605,3.474195840000013,3.474195840000013
35,36,3.5633134562522173,-4.449566323310137,-4.382512094452977,-3.735535871237517,3.7063017953187214,50.29727,3.3826481280000014,4.318973999999999
36,37,4.459399729967117,1.5568563900887966,-0.4380342457443476,-4.045596430078149,4.442674545571208,45.08971,3.8696520960000007,3.8696520960000007
37,38,-3.732724552974105,-3.071254873648286,4.684004867449403,0.3416287805885076,-1.237971382215619,49.03827,3.4812167040000066,3.4812167040000066
38,39,-1.7510668281465769,4.154405752196908,-3.662400795146823,-0.9100915212184192,-3.900274969637394,50.63665,3.349320192000002,4.386850000000001
39,40,0.0567802600562572,-0.1218542456626892,1.293680248782039,4.70271903090179,0.5399321392178535,44.84637,3.891079296000008,3.891079296000008
40,41,0.7609872240573168,0.0570359267294406,-2.8662671241909266,0.6807603035122156,-3.6780829168856144,50.00811,3.3935518080000087,4.261142000000001
41,42,-2.455579899251461,-4.069985942915082,2.0996033493429422,-4.932052632793784,1.8801924400031569,51.57467,3.2884790400000004,4.574454
42,43,-3.027630653232336,3.006073059514165,-1.233981354162097,3.815950723364949,2.980344081297517,45.23638,3.850880832000012,3.850880832000012
43,44,3.75583085231483,-1.4722231402993202,3.8782778661698094,-0.5712768714874983,-1.3380932714790106,45.79058,3.795228864000008,3.795228864000008
44,45,2.8600586764514446,4.512321092188358,0.9495772328227758,-2.1362151205539703,-0.5119790975004435,45.21981,3.856626432000007,3.856626432000007
45,46,-3.9282953087240458,-1.0460231732577083,-3.9283070620149374,3.4961290657520294,3.8699187245219946,48.31274,3.5451388800000068,3.5451388800000068
46,47,-0.9297918435186148,2.422276316210628,3.07502587325871,-2.75188360363245,1.2292640656232834,46.27559,3.743060544000004,3.743060544000004
47,48,2.281901836395264,-3.4091785363852978,-1.9689696747809649,1.6158127412199974,-4.431564062833786,50.52906,3.3561233280000047,4.365332
48,49,1.9268931541591885,1.9868109095841648,2.28731207549572,-1.216077096760273,3.377238754183054,44.13634,3.972765312000013,3.972765312000013
49,50,-1.1309442669153214,-3.57788484543562,-2.7468176372349262,4.377205185592175,-2.2069896571338177,50.16165,3.3831889920000053,4.29185
50,51,-4.362604413181543,4.975214172154665,4.237286765128374,-4.374536573886871,-2.659649206325412,48.66206,3.517159104000009,3.517159104000009
51,52,2.579510500654578,-0.8632406312972307,-0.6504536792635918,0.0322216749191284,1.645039739087224,46.38043,3.730022784000004,3.730022784000004
52,53,4.183433521538973,2.506558550521732,-4.204306975007057,2.222160520032048,0.2061385940760374,45.52936,3.823803072000004,3.823803072000004
53,54,-2.7635735739022493,-1.6183843277394772,0.9178085438907146,-3.4297155123204,-4.191338689997792,53.60718,3.1326393600000086,4.980956
54,55,-2.104850513860584,0.5340055748820305,-2.395937424153089,2.8220355603843927,-0.9041832014918328,48.51081,3.523006656000013,3.523006656000013
55,56,0.9481137618422508,-3.942783800885081,2.5600673630833626,-1.526128938421607,4.733743630349636,46.4421,3.731315328000001,3.731315328000001
56,57,0.4020161833614111,4.004546767100692,-1.6393598169088364,-3.05167225189507,-1.6732591576874256,48.48985,3.526946496000008,3.526946496000008
57,58,-1.5596681274473667,-0.6153819896280766,3.326434474438429,1.2964898627251389,2.690348234027624,45.38061,3.833490240000001,3.833490240000001
58,59,-3.3081739395856857,1.680508404970169,-4.961079489439726,-2.4515013489872217,2.2153541538864374,51.01233,3.3166851840000096,4.461986
59,60,4.73017037846148,-2.5881412532180548,0.1512560620903968,3.2003722991794348,-3.3880828972905874,46.69304,3.702478464,3.702478464
60,61,3.125952295958996,0.7986512128263712,4.720581248402596,4.13543226197362,-4.761694828048348,44.29594,3.957939072000011,3.957939072000011
61,62,-4.907518876716495,-4.891175851225853,-0.1573792286217212,-0.2713236026465893,0.9345377143472432,52.46394,3.210069312000005,4.752307999999999
62,63,-0.5854656267911196,3.5136948339641094,1.8041362054646013,0.976658295840025,4.200045317411423,43.51419,4.039588800000008,4.039588800000008
63,64,1.3811108656227589,-1.9030168745666745,-3.2397830113768578,-4.616621602326632,-0.2172485738992691,52.0414,3.240191808000004,4.6678000000000015
64,65,1.2792253773659468,4.103710697963834,1.5407745447009802,1.378156328573823,-3.0642732698470354,45.36737,3.8377843200000097,3.8377843200000097
65,66,-0.5115317367017269,-0.0114161893725395,-3.581269448623061,-2.9846572037786245,1.2684137653559446,50.38458,3.360076992000013,4.336436000000001
66,67,-4.932459555566311,1.4281128533184528,4.434627192094922,3.265796946361661,3.596392832696438,44.36951,3.948156864000005,3.948156864000005
67,68,3.2767547387629747,-3.038865895941853,-0.5214586574584246,-2.371430052444339,-1.9573936983942983,49.77808,3.412264320000011,3.412264320000011
68,69,4.8027148842811584,1.0925560723990202,-4.623855808749795,-0.1766078919172287,-1.1428667418658731,47.6874,3.609444672,3.609444672
69,70,-3.4113725181669,-4.481950905174017,0.4103549662977457,4.205736890435219,4.503677133470774,47.10494,3.6645022080000063,3.6645022080000063
70,71,-1.4077421370893717,3.3779139444231987,-1.2759004067629576,-4.544707797467709,0.5912308115512133,49.09848,3.470720832000007,3.470720832000007
71,72,0.3781227581202984,-2.4703562539070845,3.611768512055278,1.0729879513382912,-3.795180870220065,48.14629,3.5595642240000003,3.5595642240000003
72,73,1.0792883951216936,2.396071618422866,-2.032477268949151,4.471623953431845,1.985287731513381,44.29626,3.952791360000013,3.952791360000013
73,74,-2.1104327961802483,-3.284015748649836,2.845402145758271,-1.146069411188364,-3.626766363158822,51.19335,3.295214784000009,4.498190000000001
74,75,-2.709339018911124,4.407915323972702,-3.8670828472822905,0.1032094098627567,-1.2771014124155045,49.1731,3.4671283200000125,3.4671283200000125
75,76,4.100987492129207,-0.9990620519965888,1.1769078951328993,-4.2791329883039,3.075440376996994,46.30344,3.744366912000002,3.744366912000002
76,77,2.575323563069105,3.110483819618821,3.951332261785865,-3.3489539567381144,3.823419418185949,43.48449,4.048339392000014,4.048339392000014
77,78,-4.230110729113221,-1.519179865717888,-1.0145335551351309,2.2882706578820944,-0.6218725629150867,49.96282,3.391312320000006,3.391312320000006
78,79,-1.2145174201577902,0.0832451693713665,2.023949669674039,-1.4610176254063845,-4.512098943814635,49.98119,3.392046720000014,3.392046720000014
79,80,1.980076879262924,-4.195143589749932,-3.0883048195391893,2.901793522760272,1.1536917183548212,48.17737,3.5576098560000102,3.5576098560000102
80,81,2.248246381059289,0.5859261006116867,2.808602824807167,-4.851987706497312,-2.287515001371503,48.34095,3.546859968000013,3.546859968000013
81,82,-0.7876279205083847,-4.051996385678649,-2.313517350703478,0.7461750041693449,3.301675943657756,49.01617,3.4773701760000137,3.4773701760000137
82,83,-4.041260723024607,2.636527558788657,0.666684377938509,-0.5042482260614634,1.598530896008015,47.40595,3.6269078400000128,3.6269078400000128
83,84,2.922836383804679,-1.6495478339493277,-4.289325140416622,3.8976248260587454,-2.769552208483219,48.50285,3.529960128000012,3.529960128000012
84,85,3.8968664593994617,4.845249708741903,-0.8900534361600876,3.592446390539408,-4.130337294191122,44.58724,3.927493440000013,3.927493440000013
85,86,-3.0623381305485964,-0.8320719841867685,4.1440811567008495,-2.0643100701272488,0.3012444265186786,48.2506,3.5461411200000126,3.5461411200000126
86,87,-2.3914080392569304,1.9348953757435083,-2.509512137621641,1.6861226223409176,4.838829385116696,46.0565,3.765265344000013,3.765265344000013
87,88,0.6493396684527397,-3.4686678647994995,2.3782331123948097,-2.657156679779291,-0.8528761845082045,49.45749,3.440829888000013,3.440829888000013
88,89,0.1001995708793401,3.541125003248453,-3.305645063519478,-1.7595113441348076,2.741656443104148,47.03071,3.668448960000001,3.668448960000001
89,90,-1.8444044329226017,-2.0269541908055544,1.572310756891966,2.583770342171192,-1.5681555215269327,48.13273,3.5560753920000074,3.5560753920000074
90,91,-3.6100000888109207,0.9042824525386096,-0.0941058807075023,-3.665539398789406,-3.2929877936840057,52.67756,3.18995884800001,4.795032000000001
91,92,4.445443609729409,-4.936911500990391,4.949808605015278,1.9912194460630417,2.276347205042839,44.0596,3.9884780160000095,3.9884780160000095
92,93,3.471098206937313,1.5748817101120949,0.2222587913274765,0.4213966894894838,0.8246382884681225,44.85348,3.892935168000003,3.892935168000003
93,94,-4.589218897745013,-2.542400462552905,-4.743530619889498,-3.980478746816516,-4.808188173919916,63.22205,2.7188438400000123,6.903929999999999
94,95,-0.2403101790696382,3.977121589705348,3.2531374879181385,4.768821531906724,-0.2928244974464178,42.9552,4.106847744000011,4.106847744000011
95,96,1.699401307851076,-0.4914402775466442,-1.8591932579874992,-0.8293435629457235,4.11951401270926,46.42128,3.725521344000005,3.725521344000005
96,97,1.783553957939148,1.3746880553662777,-4.036898212507367,-2.6414810586720705,-3.932315530255437,51.34683,3.289574592000008,4.528886
97,98,-0.0023489352315664,-2.908613020554185,1.0753804165869951,1.745744151994586,0.415112329646945,47.41567,3.625573824,3.625573824
98,99,-4.504761034622788,4.323799619451165,-1.9408298935741184,-2.002323502674699,4.640125147998333,47.41094,3.6338112000000033,3.6338112000000033
99,100,3.709364663809538,-0.3107745945453644,3.025021320208907,3.61048704944551,-0.9672823175787926,43.86401,4.00320748800001,4.00320748800001
100,101,4.683252302929759,3.1944460421800613,2.1275801490992308,3.920553717762232,-2.1718144230544567,42.9052,4.119294528,4.119294528
101,102,-3.525999989360571,-2.2076190169900656,-2.916395990177989,-0.4471402429044246,3.499085698276758,50.26083,3.369682944000002,4.311686
102,103,-1.6062906011939049,1.1044770386070013,3.7695433292537928,0.8009178005158901,1.4835211355239153,45.22129,3.8513750400000073,3.8513750400000073
103,104,0.184504808858037,-4.57069979980588,-1.1083602253347635,-4.831424001604319,-2.9664320778101683,55.27904,3.037288320000012,5.315328000000001
104,105,0.8871474675834179,4.664587266743183,4.53638250939548,-0.7278319820761681,0.9390448685735464,43.40683,4.056452352000001,4.056452352000001
105,106,-2.307408833876252,-1.1787533294409511,-0.3512628655880689,4.904512204229832,-4.609484383836389,49.29005,3.4584883200000083,3.4584883200000083
106,107,-2.824225192889571,2.3011046927422285,1.3609275314956903,-3.8471531122922897,-0.4066916555166244,49.14265,3.4639470720000123,3.4639470720000123
107,108,3.981170803308487,-3.2684708945453167,-3.673297250643373,0.5205432325601578,3.921491503715515,46.98506,3.6755182080000086,3.6755182080000086
108,109,3.006988139823079,0.2197159267961979,-1.447579013183713,2.085477756336332,2.938536759465933,44.72748,3.905416512000007,3.905416512000007
109,110,-3.803300373256208,-4.252192424610257,3.508520843461156,-3.5273351799696684,-1.4531462080776691,52.6728,3.199932864000013,4.794079999999999
110,111,-0.7031709514558315,2.817190857604146,-4.530259361490607,2.724339747801423,-3.4903968032449484,49.19261,3.474045504000004,3.474045504000004
111,112,2.486511943861842,-1.3028674200177193,0.5917610879987478,-1.6628878470510244,2.160645881667733,46.60532,3.709720512000012,3.709720512000012
112,113,2.0546153374016285,2.6856798958033323,-0.3051545098423958,1.129939490929246,-0.6383720505982637,45.48997,3.824352576000001,3.824352576000001
113,114,-0.986170368269086,-1.777969654649496,4.807200375944376,-4.521936541423202,4.936072109267116,46.5988,3.717672768000002,3.717672768000002
114,115,-4.15587748400867,0.3615647181868553,-3.172687981277704,4.226142959669232,0.0862062349915504,48.88834,3.496839552000002,3.496839552000002
115,116,2.8033654019236565,-3.750806925818324,1.7930868268013,-0.1220215391367673,-4.228266663849354,49.29133,3.460117824000006,3.460117824000006
116,117,4.329487094655633,2.1177529264241457,3.3936525508761406,-2.3119566589593887,-2.63248672708869,45.57786,3.8230462080000014,3.8230462080000014
117,118,-2.634648010134697,-3.7283533439040175,-1.6502473317086697,3.2813256233930588,1.7747375555336475,48.96522,3.4837689600000084,3.4837689600000084
118,119,-1.882238332182169,4.832718390971422,0.0036617182195186,-2.966763488948345,3.165144519880414,46.22165,3.747710592000006,3.747710592000006
119,120,1.153674265369773,-0.7402713317424059,-4.874318242073059,1.4399947598576546,-2.4630350153893232,50.26049,3.374612928000009,4.311618000000001
120,121,0.6066238507628441,0.6482208613306284,0.8090650662779808,3.040154781192541,4.256505956873298,43.70249,4.015899648000004,4.015899648000004
121,122,-1.333049638196826,-4.760271981358528,-4.078656639903784,-1.3666010834276676,-0.1168487314134836,53.95838,3.108006720000001,5.051195999999999
122,123,-3.183176564052701,3.636702280491592,2.588054295629263,2.3850523866713047,-4.944493472576141,47.42519,3.6323493120000014,3.6323493120000014
123,124,4.877102244645357,-2.0455508027225733,-2.4460943043231964,-3.208227511495352,0.6491965800523758,48.60497,3.517622208000004,3.517622208000004
124,125,3.3512946870177984,3.8449232932180166,-2.718687988817692,-4.143293583765626,2.4909297935664654,46.39797,3.733566912000011,3.733566912000011
125,126,-4.704111013561487,-0.4362224973738193,2.2373355366289616,0.2048685308545828,-3.195518795400858,50.44741,3.356913024000013,4.349001999999999
126,127,-0.4372970014810562,1.87244713306427,-0.7590358890593052,-1.0467753279954195,-1.7834247555583715,48.54692,3.518463744,3.518463744
127,128,1.5072687063366177,-2.7605439629405737,4.363060742616653,4.605098320171237,2.6436533872038126,43.39034,4.059008064000002,4.059008064000002
128,129,1.5439264569431543,3.044568290933966,-2.552348216995597,-0.0173673965036869,-2.0004897750914097,47.6068,3.612309696000002,3.612309696000002
129,130,-0.3957469016313553,-1.4337377436459064,2.4036753829568624,4.350288417190313,3.642082642763853,44.02792,3.9815953920000062,3.9815953920000062
130,131,-4.745571110397577,0.0173486024141311,-0.9228961635380984,-4.401326831430197,1.302068466320634,52.08662,3.2335061760000032,4.676844000000001
131,132,3.3147078659385443,-4.109720652922988,4.199200542643666,1.2309768237173555,-3.1005217041820288,46.96819,3.6778164480000126,3.6778164480000126
132,133,4.913766551762819,2.4619823787361383,0.6433735881000757,1.5508042927831411,-3.750844979658723,45.15211,3.862904256000013,3.862904256000013
133,134,-3.141638981178403,-3.369462639093399,-4.244348043575883,-2.836382770910859,0.5491840746253729,55.06345,3.0480762240000097,5.272210000000001
134,135,-1.3745174836367369,4.473807122558355,2.75622527115047,3.415223015472293,4.46882076561451,42.12872,4.205070720000009,4.205070720000009
135,136,0.5700483545660973,-1.084489757195115,-2.277923254296184,-2.19754938967526,-1.110299527645111,50.45163,3.34799136000001,4.349846000000001
136,137,1.1170910205692053,1.0022073704749346,3.21022273041308,-3.1761259492486715,3.1089243479073048,45.34841,3.838852224000002,3.838852224000002
137,138,-1.9236948527395723,-4.41113818436861,-1.833677077665925,2.436648840084672,-1.312874462455511,51.02146,3.307188096000002,4.463811999999999
138,139,-2.5930991023778915,3.287546131759882,0.1894947420805692,-1.3113925885409117,-3.670340208336711,49.51872,3.434495040000013,3.434495040000013
139,140,4.366143653169274,-2.3995244968682528,-4.6884851437062025,3.07579685933888,2.0311506558209658,46.59315,3.714557184000003,3.714557184000003
140,141,2.766788713634014,4.194054631516337,-0.1174905803054571,4.63097058236599,1.118968008086085,42.54889,4.155549696000002,4.155549696000002
141,142,-4.197346521541476,-0.0822336785495281,4.994864379987121,-1.0013354569673538,-4.4799688924103975,49.88422,3.405628800000005,3.405628800000005
142,143,-0.9446292091161012,1.5184758976101875,-3.3579487074166536,0.2467154338955879,-0.577097125351429,49.03434,3.476974464000013,3.476974464000013
143,144,2.091283220797777,-3.109702421352268,1.6078261751681566,-4.120942763984203,3.7812376394867897,47.57898,3.622306176000012,3.622306176000012
144,145,2.449925718829036,1.6407925076782703,-1.3185087777674198,3.711518980562687,-2.8044276125729084,46.01046,3.770464896000012,3.770464896000012
145,146,-0.7446304522454739,-2.6278473157435656,3.637591004371643,-1.8817251548171043,1.631117220968008,47.58399,3.612147264000012,3.612147264000012
146,147,-3.761749677360058,4.043013351038098,-4.656926281750202,1.8699020892381668,3.345992723479867,47.2835,3.6478183680000025,3.6478183680000025
147,148,3.043646486476064,-0.5768680199980736,0.4650940932333469,-2.5368180125951767,-2.329542702063918,48.45115,3.527948736,3.527948736
148,149,3.9445970952510834,3.475209437310696,4.411546494811773,-4.716992331668735,-0.8192405197769403,44.99923,3.88346918400001,3.88346918400001
149,150,-2.865691250190139,-1.941512105986476,-0.4760989546775818,0.9348455537110568,4.802600061520934,47.36692,3.631139712000006,3.631139712000006
150,151,-2.265869462862611,0.8383859228342772,1.4881668612360954,-0.3167911525815725,0.2581292390823364,47.53452,3.6116064000000088,3.6116064000000088
151,152,0.9238135628402232,-4.851488526910543,-3.546057995408773,4.031335199251771,-4.084628447890282,51.52318,3.2863518720000067,4.5641560000000005
152,153,0.2211595792323351,4.935593605041504,1.98141997680068,0.55619309656322,2.321141753345728,43.47951,4.044190464000009,4.044190464000009
153,154,-1.5647434815764427,-0.90288951061666,-3.0625562369823456,-3.791930871084333,-3.3351886086165905,55.09653,3.064723776000005,5.2788260000000005
154,155,-3.5674582980573177,2.025258457288146,3.918183110654354,4.95609856210649,-1.6028601955622437,45.1747,3.8590214400000127,3.8590214400000127
155,156,4.646667269989848,-3.5395043529570103,-0.9597205184400082,-0.6957369390875101,2.7737673837691545,46.65328,3.7076607360000127,3.7076607360000127
156,157,3.746031951159239,0.4955774359405041,-3.8900896348059177,-1.6405638121068478,4.075959278270602,46.4266,3.731914944000006,3.731914944000006
157,158,-4.463220471516252,-3.9811836276203394,1.2221889197826383,2.7661539055407047,-0.2469806093722582,49.87142,3.4083469440000096,3.4083469440000096
158,159,-0.0438185688108205,2.546159708872437,-2.0851588621735573,-3.48186606541276,-4.77468516677618,51.57454,3.272859648000004,4.574428000000001
159,160,1.746976673603058,-1.5787161141633987,2.8806922771036625,2.1113756857812405,0.7888461276888847,45.06663,3.8685219840000062,3.8685219840000062
160,161,1.6628252156078815,0.3051484748721123,0.0583984423428773,3.7757914140820494,-1.0129923559725285,45.5428,3.8184134400000014,3.8184134400000014
161,162,-0.2817786205559969,-4.318098453804851,-4.907391043379903,-0.6065152212977409,4.683241527527571,50.26341,3.376921536000013,4.312201999999999
162,163,-4.547677142545581,2.9026042949408293,3.419477483257652,0.6427564471960068,0.4513428453356027,46.37079,3.7354400640000063,3.7354400640000063
163,164,3.507766686379909,-1.3687544129788876,-1.6928533371537924,-4.974901154637337,-3.965952387079597,51.9883,3.2445480960000133,4.65718
164,165,4.408859768882394,4.579149950295687,-3.137474162504077,-2.789849443361163,-2.924403185024857,47.60646,3.617407296000005,3.617407296000005
165,166,-3.651457205414772,-1.11285206861794,1.7404815834015608,1.572925942018628,1.4392031636089089,47.56508,3.6110154240000094,3.6110154240000094
166,167,-1.802856121212244,2.215686487033963,-0.2597971353679895,-2.1763361152261496,3.4664981812238693,46.93294,3.673866240000004,3.673866240000004
167,168,0.1368555333465337,-3.2025886699557304,4.784117275848985,3.460852736607194,-2.136937826871872,46.29906,3.742946496000002,3.742946496000002
168,169,0.6860045716166496,3.265249263495207,-0.704220486804843,1.937232268974185,3.957282472401858,43.80369,4.006433664000012,4.006433664000012
169,170,-2.3498698603361845,-2.297958144918084,4.329914031550288,-3.699954198673368,-0.4401934705674648,49.77397,3.418930944000004,3.418930944000004
170,171,-3.1038053799420595,1.175299221649766,-2.6929417345672846,2.5504308100789785,-4.655327079817653,51.05382,3.320941248000003,4.470284000000001
171,172,3.860291559249162,-4.661058112978935,2.1948034409433603,-1.8123421911150217,0.9825984109193088,47.45213,3.63589689600001,3.63589689600001
172,173,2.959493538364768,1.3038800656795502,2.623342024162412,-0.8723927102982998,2.128536133095622,44.21148,3.963290688000012,3.963290688000012
173,174,-3.9997112192213535,-2.8182786609977484,-2.498778225854039,4.745262507349253,-3.455693321302533,51.80364,3.264746688000004,4.620248000000002
174,175,-0.8290886133909225,4.2529726680368185,0.8543485309928656,-4.005132112652063,-1.41094658523798,48.10944,3.562365312000007,3.562365312000007
175,176,2.211658963933587,-0.2204210497438907,-4.101661061868072,0.3771721385419369,2.8937434032559395,47.08576,3.661651008000005,3.661651008000005
176,177,2.0167435705661774,3.759485939517617,3.824665118008852,-2.4943690933287144,-4.260835070163012,46.42278,3.7344551040000007,3.7344551040000007
177,178,-1.172977453097701,-0.3703212738037109,-1.1412006244063375,3.162349220365286,0.12106379494071,47.26693,3.637395072000005,3.637395072000005
178,179,-4.271580958738923,1.7870289646089077,2.153019979596138,-3.0868913792073727,4.978120038285852,46.93263,3.678898176000006,3.678898176000006
179,180,2.538745682686568,-2.6946617010980844,-2.9592344351112843,1.2563497759401798,-0.6827091332525015,48.77696,3.501726336000002,3.501726336000002
180,181,4.1376428585499525,0.7336534466594458,-1.905238162726164,0.9414008911699056,-2.4267853889614344,46.95919,3.675483648000008,3.675483648000008
181,182,-2.6677913032472134,-4.826177973300219,2.9726413264870644,-4.656723672524095,3.131488626822829,50.85913,3.350308608000008,4.431346
182,183,-2.151890508830548,3.722115680575371,-3.9919187873601913,4.092526538297534,1.7290465533733368,46.13083,3.758394816000002,3.758394816000002
183,184,1.0427039582282305,-2.111437832936645,1.0520720295608044,-0.3093083668500185,-2.589389458298683,48.90078,3.4855764480000024,3.4855764480000024
184,185,0.341548454016447,2.046944973990321,-4.475216250866652,-4.331935858353972,0.6913771666586399,50.40722,3.364103232000009,4.340964
185,186,-1.449208790436387,-3.638018947094679,0.5589945986866951,0.069901430979371,-4.989267718046904,52.52381,3.203385408000012,4.764281999999999
186,187,-3.369833743199706,4.7618914023041725,-1.4220605045557022,-1.180514646694064,-0.1489775907248258,48.22374,3.552788736000012,3.552788736000012
187,188,4.839380383491516,-0.6499178241938353,3.465608488768339,4.417612301185727,4.291228475049138,41.26364,4.318441344000002,4.318441344000002
188,189,3.240169109776616,2.756483079865575,1.3964453525841236,2.8575599938631058,2.597791654989124,42.45025,4.1665726080000045,4.1665726080000045
189,190,-4.9739184603095055,-1.8683088198304176,-3.725598566234112,-1.4856835454702375,-1.7398521024733782,56.2377,3.0156468480000003,5.507060000000001
190,191,-0.4699804447591305,0.4323869384825229,4.581435844302177,2.2647229209542274,-3.159746937453747,45.99899,3.769148160000013,3.769148160000013
191,192,1.3158843200653791,-3.8411652017384768,-0.3746499307453632,-3.391997776925564,2.45744701474905,49.43326,3.445870464000009,3.445870464000009
192,193,1.339635867625475,2.3408492002636194,4.847248243167996,0.1460770051926374,4.573493069037795,42.32353,4.1838024960000055,4.1838024960000055
193,194,-0.6220482755452394,-3.228793442249298,-0.0307123083621263,-4.241110058501363,-1.059332052245736,52.32763,3.214857600000009,4.725046000000001
194,195,-4.870856953784823,4.6261111460626125,1.6750660445541143,4.506843229755759,-4.04167927801609,46.85445,3.6934064640000015,3.6934064640000015
195,196,3.167487494647503,-1.2172577623277905,-3.368853246793151,-1.1059291753917933,0.3706578910350799,48.58283,3.518472384000007,3.518472384000007
196,197,4.688707897439599,2.855647644028068,-1.7665990721434357,-1.4257603697478771,1.4903601072728634,45.14419,3.8639099520000055,3.8639099520000055
197,198,-3.344763144850731,-1.2643435783684254,3.199195144698024,2.941895443946123,-2.819452900439501,48.14746,3.555900864000012,3.555900864000012
198,199,-1.523017529398203,0.179990753531456,-4.836243400350213,-3.306048084050417,-2.041691457852721,53.97087,3.113555328000006,5.053693999999998
199,200,0.443559130653739,-4.291889285668731,0.2760920766741037,2.3262555710971355,3.527644583955407,46.59784,3.710086848000005,3.710086848000005
200,201,0.9896477684378624,4.363410649821162,-4.3529466819018126,3.223196379840374,-0.3790411073714494,45.98395,3.7775911680000136,3.7775911680000136
201,202,-2.068189783021808,-0.2711161784827709,0.7691687624901533,-2.409109659492969,4.052541954442859,47.50978,3.614685696,3.614685696
202,203,-2.8001526463776827,1.3362691178917885,-2.249777177348733,1.3425937294960022,1.0875331982970238,48.14601,3.5560719360000075,3.5560719360000075
203,204,4.141962099820375,-2.947022123262286,2.706227535381913,-3.025064468383789,-4.6041737124323845,49.4075,3.450466944000002,3.450466944000002
204,205,2.6210570242255926,1.1429147142916918,2.4316411186009645,-4.58023208193481,-3.5363699309527874,48.52634,3.528532800000012,3.528532800000012
205,206,-4.325950238853693,-4.5323095098137856,-2.602488668635488,1.0325427073985338,2.052819970995188,51.92136,3.249702720000012,4.643792000000001
206,207,-1.167534664273262,3.154816273599863,4.090478261932731,-0.2191704418510198,2.847385825589299,43.99958,3.9876192000000006,3.9876192000000006
207,208,1.885429481044412,-2.247258620336652,-0.7972622569650412,4.168019006028771,-1.520696235820651,46.91874,3.675811968000001,3.675811968000001
208,209,2.323438823223114,3.5981784388422966,1.113437432795763,-3.625380238518119,0.0747157540172338,46.11155,3.7620443520000046,3.7620443520000046
209,210,-0.8931281324476004,-2.084007589146495,-3.764446787536144,2.0264576468616724,-4.370575184002519,52.34135,3.2190186240000083,4.72779
210,211,-3.9648761693388224,0.687917722389102,2.908686026930809,-1.7215073388069868,-0.7633952796459198,48.89555,3.4882617600000136,3.4882617600000136
211,212,2.818585466593504,-4.720546808093786,-2.13530944660306,2.6266190130263567,4.902394339442253,46.11596,3.762362304000011,3.762362304000011
212,213,3.7973743956536055,1.832769680768252,-3.03443817421794,4.806787222623825,3.2364329509437084,43.29806,4.071121344000006,4.071121344000006
213,214,-2.9909794591367245,-2.8002884704619646,1.931432373821736,-0.7864569127559662,-2.375622484833002,50.98688,3.308174784000001,4.456896
214,215,-2.4921685084700584,3.883427726104856,-1.068289950489998,0.461517833173275,-2.528246631845832,48.36798,3.5361912960000104,3.5361912960000104
215,216,0.7195253390818834,-0.3977463766932487,4.043969344347715,-3.945202268660069,1.824296498671174,46.64413,3.708495360000008,3.708495360000008
216,217,0.015308242291212,0.3231744281947613,-0.6238673441112041,-0.5446744151413441,-4.894011812284589,50.3606,3.3642397440000056,4.33164
217,218,-1.787646496668458,-3.789244601503015,4.498171843588352,3.862043302506208,0.7525331061333418,46.09219,3.764268288,3.764268288
218,219,-3.696064418181777,2.7253194991499186,-3.478971049189568,-4.889648389071226,4.342375881969929,50.0638,3.3956496000000085,4.27228
219,220,4.500933140516281,-1.7383398860692978,1.4771100692451,0.7035933621227741,-0.0440368428826332,45.51425,3.823168896000012,3.823168896000012
220,221,3.5218479949980974,4.793059974908829,3.704821933060885,1.6484239604324102,-1.815569456666708,42.86751,4.123552320000002,4.123552320000002
221,222,-4.670276455581188,-0.7798823621124029,-1.3293841108679771,-2.6997000072151423,2.5171162374317646,51.04893,3.3107546880000034,4.469306000000001
222,223,-0.1883110962808132,2.156162029132247,0.3174880892038345,3.5519819241017103,2.3476890195161104,44.16353,3.965112000000007,3.965112000000007
223,224,1.6195358615368605,-3.689934406429529,-4.570176023989916,-2.09985357709229,-3.2060961704701185,54.17062,3.0954320640000086,5.093644000000001
224,225,1.8500202987343075,4.446381647139788,-2.3534041550010443,-3.8826775457710014,3.742074882611632,45.98368,3.775785408000013,3.775785408000013
225,226,-0.1165180653333664,-0.9605477470904588,2.5343223568052053,0.4800978396087885,-1.9443747494369743,47.57204,3.6112158720000007,3.6112158720000007
226,227,-4.439486805349588,2.356355981901288,-4.171161400154233,-0.7703943829983473,-3.0345698446035385,52.98465,3.176960832000004,4.856450000000001
227,228,3.593946238979697,-3.323722146451473,0.8629919309169054,4.866794468834996,1.3925093412399292,44.53393,3.930878592000004,3.930878592000004
228,229,4.572878796607256,0.1229801401495933,4.260289976373315,2.681739032268524,0.5078021250665188,42.71302,4.136213376000009,4.136213376000009
229,230,-3.465427355840802,-4.15545660071075,-0.6957382801920176,-1.700567603111267,-3.865551222115755,56.12196,3.011786496000007,5.483912000000001
230,231,-1.7153957020491362,3.0719981621950865,2.3399972449988127,2.0499153062701225,-1.1957896407693624,45.63443,3.808111104000006,3.808111104000006
231,232,0.2462504431605339,-1.5576747618615627,-2.782104192301631,-3.567742295563221,4.397899070754647,49.12551,3.4705393920000107,3.4705393920000107
232,233,0.7914701011031866,1.4665600657463074,1.8467433843761685,-1.9670660980045795,-1.3837830442935228,47.27681,3.644089344000012,3.644089344000012
233,234,-2.261532340198756,-3.0004851426929235,-3.2656066957861185,3.650589119642973,3.023440195247531,48.46092,3.531446208000013,3.531446208000013
234,235,-2.9187295585870743,4.0640904661268,4.753652913495898,-2.598575334995985,1.916440837085247,45.39425,3.8368892160000057,3.8368892160000057
235,236,4.028315702453256,-0.0510653294622898,-0.212117163464427,1.7837289161980152,-3.711737655103207,46.80387,3.690883584000007,3.690883584000007
236,237,3.049069009721279,3.417515438050032,-4.937997600063682,0.8437855448573828,-4.389517288655043,48.71144,3.524380416000006,3.524380416000006
237,238,-3.893084032461047,-2.430688301101327,0.1058975514024496,-4.79340092279017,1.184928212314844,52.87034,3.187021248000008,4.833587999999999
238,239,-0.6623393762856722,1.054127598181367,-1.5867533255368471,3.9557728450745344,3.83735147304833,44.79163,3.896560512000005,3.896560512000005
239,240,2.395536173135042,-4.520350471138954,3.2912218291312456,-0.4070001561194658,-0.4771227668970823,47.52904,3.623714496000005,3.623714496000005
240,241,2.126136152073741,0.8645954634994268,-3.61948961392045,2.3473535757511854,1.6872405912727118,46.13794,3.758652288,3.758652288
241,242,-1.0855193994939327,-4.976646471768618,1.268160492181778,-3.250770987942815,-2.7044437173753977,53.41632,3.147154560000004,4.942784
242,243,-4.085548780858517,3.579619899392128,-0.4052666202187538,2.999690463766456,-2.239100635051728,47.67445,3.60501062400001,3.60501062400001
243,244,2.702767075970769,-1.98846853338182,4.628962967544794,-1.4021444413810968,3.4119433909654617,44.5467,3.9291713280000113,3.9291713280000113
244,245,4.223824739456177,3.938607284799218,0.5285403691232204,-1.0872016660869122,4.687899779528379,42.68209,4.142520576000008,4.142520576000008
245,246,-2.5595986004918814,-0.5299066007137299,-4.427564293146133,4.569516647607088,-0.860628429800272,49.46389,3.4470057600000104,3.4470057600000104
246,247,-1.9866322819143527,1.6145881079137323,3.5718613490462303,-4.1809541173279285,-4.1555465664714575,50.05854,3.3896154240000005,4.271227999999999
247,248,1.2298966757953167,-2.5026848260313272,-1.5501638315618038,0.1622870378196239,0.1726355496793985,48.69994,3.504036672000013,3.504036672000013
248,249,0.5254232604056597,2.5968596059829,3.117863144725561,4.264108799397945,-3.420669184997678,44.61428,3.9175315200000034,3.9175315200000034
249,250,-1.2824619933962822,-1.6891493275761604,-1.994410753250122,-0.0791347399353981,2.2502295952290297,48.82711,3.490779456000001,3.490779456000001
250,251,-3.263204153627157,0.6243256665766239,0.9824187681078912,1.1700604856014252,2.7323758974671364,46.57892,3.708545472000002,3.708545472000002
251,252,4.928958294913173,-4.013567911460996,-3.9834276400506496,-4.486660212278366,-1.7175759747624395,52.45399,3.210957504000009,4.750317999999999
252,253,3.408195655792952,1.8965146224945784,-1.2106717564165592,-2.9266041796654463,-0.1810192130506038,47.16685,3.654134208000009,3.654134208000009
253,254,-4.788840198889375,-3.507115077227354,3.833299577236176,1.4752331096678972,4.166409689933062,47.17727,3.662451072000001,3.662451072000001
254,255,-0.3816453274339437,4.884898848831654,-2.8138883784413338,-2.27395280264318,0.8888288307935,47.47444,3.624663168000003,3.624663168000003
255,256,1.4213474094867706,-0.7924517523497343,2.0640104450285435,3.324174145236612,-4.718579677864909,47.06072,3.667616064000012,3.667616064000012
256,257,1.430608406662941,4.917991338297725,2.5022143218666315,-3.5770707577466965,-1.1225484032183886,45.8346,3.7908501120000047,3.7908501120000047
257,258,-0.3601774480193853,-0.8060130290687084,-2.3756650928407907,2.06015445291996,4.480907870456576,46.25652,3.741087168000007,3.741087168000007
258,259,-4.781107464805245,1.890849806368351,0.897498382255435,-1.6918804869055748,0.5810446664690971,49.04512,3.4774427520000013,3.4774427520000013
259,260,3.428135272115469,-3.481918973848224,-4.146492360159755,2.670930065214634,-3.782543800771237,50.26505,3.3820450560000106,4.312530000000001
260,261,4.954104525968432,0.5884866137057543,-0.6692477967590094,4.85599079169333,-3.107811789959669,44.80892,3.897571392000004,3.897571392000004
261,262,-3.260030727833509,-3.997260071337223,4.296618020161986,-0.7617031689733267,1.3095013238489628,48.78007,3.507281856000008,3.507281856000008
262,263,-1.2563978508114817,2.6003881730139256,-2.80618672259152,0.4903221596032381,3.668831856921315,46.41385,3.7280286720000055,3.7280286720000055
263,264,0.5295145977288485,-1.7122091818600893,2.306067766621709,-3.89201964251697,-2.0273817609995604,49.89439,3.404332800000007,3.404332800000007
264,265,1.2306331656873226,1.630628863349557,-3.260359009727836,-0.4169359151273966,3.754343306645751,46.33281,3.7384571520000094,3.7384571520000094
265,266,-1.9590401742607355,-2.5382569432258606,1.8616849835962053,3.965408271178603,-0.550364563241601,47.22757,3.645191808000006,3.645191808000006
266,267,-2.5579489674419165,3.91589080914855,-0.2148901391774416,-4.782900111749768,-4.4725241512060165,51.71946,3.2610643200000067,4.603411999999999
267,268,4.252329990267754,-0.5267212633043528,4.741195710375905,0.8347962331026793,1.111685037612915,43.35838,4.061373696,4.061373696
268,269,2.726674871519208,3.565715393051505,0.0916187558323144,1.774734314531088,1.999449487775564,43.42604,4.050352512000005,4.050352512000005
269,270,-4.078730680048466,-1.955032665282488,-4.942592019215226,-2.588078621774912,-3.638496268540621,60.14959,2.8683538560000112,6.289438000000002
270,271,-1.063135098665953,0.8900585025548935,3.307984871789813,3.6602393724024296,-1.3007754739373922,45.26083,3.848878080000007,3.848878080000007
271,272,2.131430758163333,-4.982578372582793,-1.5796840470284224,-1.976988222450018,3.0966825876384974,49.17426,3.468479616000012,3.468479616000012
272,273,2.4093920923769474,1.0192040912806988,1.273407991975546,0.1905339397490024,-4.072539554908872,47.25059,3.646944000000013,3.646944000000013
273,274,-0.6265109498053789,-4.504958102479577,-3.604547828435898,-4.211342092603445,0.2458785753697157,54.89263,3.0628143360000024,5.238046
274,275,-3.880141256377101,3.421349162235856,4.626190327107906,4.540704693645239,4.770907796919346,42.24,4.193814528000009,4.193814528000009
275,276,3.083984293043613,-2.4540533870458603,-0.4177241586148739,-1.0574598051607609,-0.7873864844441414,48.3319,3.540991680000008,3.540991680000008
276,277,4.058024669066072,4.096877723932266,-4.441843274980784,-1.3723984826356173,-2.322108056396246,47.64239,3.612321792000009,3.612321792000009
277,278,-2.9012277722358704,-0.0643214490264654,0.5239461362361908,2.9708837997168303,3.338700849562884,45.89729,3.778617600000006,3.778617600000006
278,279,-2.2302998788654804,1.4599797781556845,-1.5334004536271095,-3.281172597780824,1.6042317915707829,49.41164,3.4395563520000088,3.4395563520000088
279,280,0.8104953821748495,-2.974373493343592,3.578930292278528,2.375585651025176,-2.777684954926372,47.16176,3.655279872000011,3.655279872000011
280,281,0.2613069489598274,3.059009127318859,-2.026518378406763,3.354253964498639,0.8155864384025335,45.26713,3.847549248000001,3.847549248000001
281,282,-1.6832492034882307,-1.5251544397324324,3.095601797103882,-2.3025019001215696,-4.80158724822104,51.1503,3.299749056000001,4.489580000000001
282,283,-3.448842586949468,0.1487484108656644,-3.948921449482441,1.445794636383653,-0.2542605996131897,50.55339,3.3498368640000056,4.370198
283,284,4.606553558260202,-4.161693658679724,1.0070880688726902,-2.897485261783004,4.083401039242744,46.50337,3.725476416000004,3.725476416000004
284,285,3.6322181578725576,2.372091580182314,3.859790470451117,-4.457545392215252,2.805619072169065,44.21723,3.966283584000002,3.966283584000002
285,286,-4.428070206195116,-3.358989031985402,-1.1743441224098206,1.1406167224049568,-1.6345691122114658,52.47025,3.203046720000005,4.75357
286,287,-0.079164057970047,4.422749625518918,2.039927653968334,-0.1076702028512954,-3.347427388653159,46.33719,3.738026880000009,3.738026880000009
287,288,1.8605189863592384,-0.9564469382166862,-2.8478175960481167,4.294203445315361,2.333237761631608,45.58213,3.8138567040000018,3.8138567040000018
288,289,1.6224060487002134,2.18166321516037,-0.0059765111654996,2.31604078784585,-2.124698432162404,45.88768,3.7838655360000057,3.7838655360000057
289,290,-0.1634684018790722,-3.695904454216361,4.881668863818049,-3.296772744506597,3.454401595517993,47.14809,3.662492544000001,3.662492544000001
290,291,-4.665878005325794,4.779193615540862,-3.391180941835046,2.952765878289938,1.407352052628994,47.20765,3.658272768000001,3.658272768000001
291,292,3.5482189524918795,-0.7464846409857273,1.643043840304017,-1.4344611205160618,-2.8926948830485344,47.54956,3.61660032000001,3.61660032000001
292,293,4.522096589207649,2.702564876526594,3.1653324235230684,-1.1146449018269775,-3.9586718194186687,45.37872,3.841198848000008,3.841198848000008
293,294,-3.687108149752021,-1.7351164016872644,-1.7907674331218004,4.51769988052547,0.4439004696905613,48.61819,3.514259520000007,3.514259520000007
294,295,-1.767400959506631,0.3391770366579294,0.3123533632606268,-4.231829280033708,4.656501831486821,47.90838,3.581660160000013,3.581660160000013
295,296,0.0233465991914272,-3.824778571724892,-4.809667086228728,0.1358664687722921,-0.9860908519476652,52.49331,3.202792704000008,4.7581820000000015
296,297,0.7260375190526247,3.886918146163225,0.7566448021680117,4.158435510471463,2.9206282552331686,42.57593,4.14930297600001,4.14930297600001
297,298,-2.468566335737705,-0.4207680840045213,-4.355633826926351,-0.2092578541487455,-1.4376886282116177,52.13796,3.2273907840000007,4.687111999999999
298,299,-2.985380422323942,1.7968924809247255,2.721235891804099,1.0415468458086252,-3.463128581643105,47.97754,3.5731221120000045,3.5731221120000045
299,300,3.820063425228,-2.783942483365536,-2.2446153219789267,-4.590795552358031,2.135828584432602,49.40417,3.4532593920000023,3.4532593920000023
300,301,2.8458704613149166,0.6822910532355309,-2.5954861473292112,-3.035612963140011,1.0142900608479977,48.06971,3.564490752000008,3.564490752000008
301,302,-3.9644464943557978,-4.695388851687312,2.4484899919480085,1.351611651480198,-4.687180537730455,52.61054,3.199091328000004,4.781628000000001
302,303,-0.8643196430057287,3.631309075281024,-0.8017899189144373,-2.399202510714531,-0.4522829409688711,47.9732,3.5732327040000067,3.5732327040000067
303,304,2.3253919929265976,-2.097607012838125,4.076113635674119,3.213608637452125,3.969533750787378,42.96416,4.107760128000002,4.107760128000002
304,305,1.9032348040491345,3.131146105006337,-3.7769710831344128,-3.914867416024208,-2.601487832143903,50.15364,3.384334656000007,4.290248
305,306,-1.1375224590301514,-2.243119664490223,1.1107506230473518,0.4332952946424484,1.741287736222148,47.60279,3.6074021760000017,3.6074021760000017
306,307,-4.307231772691011,1.1586121656000614,-2.120300903916359,-0.8162124082446098,3.163190372288227,48.94199,3.485291328000004,3.485291328000004
307,308,2.6519823726266623,-4.567538248375058,2.9138476960361004,4.835660643875599,-2.458629943430424,46.19231,3.7573355520000016,3.7573355520000016
308,309,4.178095255047083,1.362075535580516,1.9384345598518848,2.6554786507040262,-0.6901532970368862,43.72113,4.019497344000006,4.019497344000006
309,310,-2.785992296412587,-2.9532973282039165,-3.0175889655947685,-1.7512778099626305,4.9854023940861225,50.25836,3.372936768000004,4.311192
310,311,-2.033580122515559,4.350459761917591,4.039441868662834,1.998239355161786,0.147958742454648,44.07586,3.978827136000007,3.978827136000007
311,312,1.002284623682499,-0.2386340033262968,-1.0826547630131245,-3.5950399469584227,-4.287568209692836,51.72591,3.257210880000014,4.604702
312,313,0.4552813526242971,0.1734486129134893,4.5229079015553,-2.0713276509195566,2.430697223171592,45.2748,3.8495952,3.8495952
313,314,-1.4844396896660328,-4.265815783292055,-0.589446984231472,3.521954035386443,-3.132854336872697,50.49443,3.354455808000006,4.358406
314,315,-3.3345691859722137,2.8884730488061905,1.4547819644212725,-2.728881584480405,-1.732562631368637,49.15777,3.4623624960000017,3.4623624960000017
315,316,4.725757474079728,-1.2776378449052572,-3.510992843657732,1.6778772603720429,2.5903593748807907,45.80792,3.7931915520000015,3.7931915520000015
316,317,3.1999408081173897,4.629906723275781,-1.3632465712726116,0.7330604456365108,4.259367268532515,42.95708,4.106552256000012,4.106552256000012
317,318,-4.855493335053325,-1.2405847012996674,3.680653311312199,-4.918814990669489,-0.117278192192316,51.48758,3.289614336000002,4.557036
318,319,-0.5886770505458117,2.305887546390295,-4.533915147185326,3.832011166960001,-4.977019419893622,49.72567,3.4403736960000044,3.4403736960000044
319,320,1.3559173978865149,-3.2133629266172647,0.3440648131072521,-0.5161539278924465,0.6792906764894724,48.2044,3.5531896320000063,3.5531896320000063
320,321,1.3016631733626127,0.4679208714514971,-4.894943041726947,3.4518754202872515,3.5397406108677387,45.96922,3.778543296000012,3.778543296000012
321,322,-0.5061743967235088,-3.857167847454548,0.061161546036601,-2.165818540379405,-2.0539302192628384,51.8421,3.243374784000011,4.627940000000001
322,323,-4.986611343920231,2.7532596327364445,-1.7077855858951807,1.582554141059518,-2.8511618357151747,50.20197,3.3864583680000004,4.299914000000001
323,324,3.2055034209042788,-1.8455541599541905,3.4142395202070475,-2.799787661060691,1.5222117770463228,46.09752,3.762573120000001,3.762573120000001
324,325,4.80927400290966,4.7284937184304,1.7334031034260988,-4.984854198992252,0.3780997078865766,44.85318,3.899422080000006,3.899422080000006
325,326,-3.387733241543174,-0.6360514275729656,-3.154247077181936,0.6523710116744041,-4.048959212377667,53.32102,3.154697280000008,4.923724
326,327,-1.480233082547784,2.05291498452425,4.788721045479178,-0.5959923565387726,-1.08623418956995,46.01315,3.770459712000005,3.770459712000005
327,328,0.3227310441434383,-3.6635201703757048,-0.2455086167901754,3.766818195581436,4.600233323872089,45.56178,3.818047104000008,3.818047104000008
328,329,1.0272437799721956,3.735715141519904,4.305254267528653,0.3663511760532856,-1.4939535595476627,44.32332,3.954553920000006,3.954553920000006
329,330,-2.1844403818249702,-2.144568432122469,-0.7387171406298876,-3.996461760252714,2.8205004148185253,50.67755,3.341793024000006,4.395029999999998
330,331,-2.684164624661207,0.7084954530000687,2.217055251821876,4.755508881062269,2.0455280784517527,44.61709,3.91575168000001,3.91575168000001
331,332,4.104179842397571,-4.82055134139955,-2.660843646153808,-0.8817187137901783,-3.5289353039115667,51.53142,3.275083584000013,4.565803999999999
332,333,2.5001141987741,1.7706829402595758,-2.464839471504092,-1.8216533679515123,-4.572319621220231,49.85293,3.413318400000004,3.413318400000004
333,334,-4.283356824889779,-2.658784538507461,2.647434351965785,2.5606908183544874,1.05584098957479,47.93012,3.582221760000004,3.582221760000004
334,335,-1.21008544228971,3.782507684081793,-4.137998232617974,-3.691289136186242,4.040291234850884,48.18263,3.558964608000009,3.558964608000009
335,336,2.0064911991357803,-0.3738116566091776,0.8278481010347605,1.9264072086662047,-0.3669522702693939,45.84848,3.785182272000004,3.785182272000004
336,337,2.202610904350877,4.220490455627441,-1.165860127657652,-0.280177453532815,1.812054757028818,44.74815,3.904808256000009,3.904808256000009
337,338,-0.8503438532352448,-0.2074701990932226,3.790168203413488,4.0631048288196325,-2.516147624701261,45.75587,3.79638489600001,3.79638489600001
338,339,-4.007846135646105,1.3101553078740835,-2.936983034014702,-4.685279997065663,-2.3437785636633635,54.73308,3.064447296,5.206136000000001
339,340,2.939151441678405,-2.8440850414335728,2.185118477791548,0.9714782517403364,3.204731764271856,44.89028,3.890436480000009,3.890436480000009
340,341,3.8353904522955418,1.2105279974639416,3.006580341607332,1.2864135019481182,4.895111424848437,41.98001,4.226430528000008,4.226430528000008
341,342,-3.1067339796572924,-4.676755527034402,-1.881146095693112,-3.1154625304043293,-0.7559504825621843,55.9069,3.026761344000012,5.440900000000001
342,343,-2.3762944620102644,3.261110270395875,1.0157344490289688,3.1329316087067127,-4.343842677772045,47.30569,3.641312448000006,3.641312448000006
343,344,0.6815524771809578,-2.274288013577461,-4.018418807536364,-2.465232890099287,0.0478213652968406,51.65856,3.264687936000002,4.591232
344,345,0.1363698299974203,2.200256008654833,0.5714422650635242,-3.3622679114341736,-3.2329881377518177,49.29273,3.4522312320000026,3.4522312320000026
345,346,-1.8301971442997456,-3.167626978829503,-4.472452811896801,2.235894203186035,2.374438252300024,49.92714,3.401569728000001,3.401569728000001
346,347,-3.653471171855928,4.602476852014661,3.4506764262914658,-1.5160642936825752,2.524549076333642,45.30453,3.8451525120000025,3.8451525120000025
347,348,4.379990482702851,-1.116647683084011,-1.427298653870821,2.8858093544840813,-1.8228595610708,46.34803,3.736758528000012,3.736758528000012
348,349,3.484065569937229,2.915898524224758,-3.7326773814857006,4.445875296369195,-0.0757356081157922,44.68133,3.915537408000005,3.915537408000005
349,350,-4.554288266226649,-1.4015798550099134,1.379672773182392,-1.2108805682510138,4.374236529693008,48.26299,3.550487040000008,3.550487040000008
350,351,-0.3045618254691362,0.2790750097483396,-0.3700459748506546,0.0410686153918504,0.7646201550960541,47.34725,3.629240640000004,3.629240640000004
351,352,1.657132003456354,-4.311556275933981,4.595724176615477,-4.302211282774806,-4.906260743737221,51.34779,3.2975769600000064,4.529078000000001
352,353,1.7293830960988998,2.5692196004092693,2.398504177108407,-2.208081791177392,4.385812599211931,43.93891,3.994913088000013,3.994913088000013
353,354,-0.0736193265765905,-1.5822446439415216,-2.5673662964254618,3.4242629911750555,-1.1835413239896295,48.47947,3.525876864000008,3.525876864000008
354,355,-4.482342312112451,0.4792695585638284,4.2018968891352415,-2.826496483758092,-3.8338518422096968,50.77273,3.332382336,4.414066
355,356,3.714702930301428,-3.9453446120023727,-0.9103623311966658,1.5411992650479078,0.4759408999234438,47.2103,3.6493701120000055,3.6493701120000055
356,357,4.610780430957675,2.0000623166561127,-4.22999276779592,1.2213772349059582,1.385077117010951,45.50928,3.826972224000011,3.826972224000011
357,358,-3.581372629851103,-3.533839574083686,0.6478915270417929,-4.391436297446489,-3.027280317619443,55.68822,3.011643072000012,5.397164
358,359,-1.5997124090790749,4.949154919013381,-2.2947629261761904,4.359313417226076,-1.917482204735279,46.09673,3.762569664000001,3.762569664000001
359,360,0.208163158968091,-0.9359819628298284,2.7492326218634844,-0.0279135815799236,3.71532503515482,45.15972,3.85814016000001,3.85814016000001
360,361,0.912340935319662,0.8443177863955498,-1.8016457464545963,-4.129674583673477,-0.5038558878004551,49.79374,3.4094096640000098,3.4094096640000098
361,362,-2.30419741012156,-4.876951603218913,3.232560371980071,0.2575500309467315,3.864246439188719,47.61953,3.619002240000002,3.619002240000002
362,363,-2.876250734552741,3.4417736064642668,-4.722915040329099,-0.9920338168740273,1.1922105494886637,49.49525,3.440567232000008,3.440567232000008
363,364,3.907182291150093,-1.92760756239295,0.1647491473704576,4.620777331292629,-4.396961471065879,46.59276,3.713824512000002,3.713824512000002
364,365,3.011401044204831,4.039828050881624,4.968297192826867,3.0655981693416834,-3.7435821536928415,43.04373,4.101473664000002,4.101473664000002
365,366,-3.77690512686968,-0.5541515070945024,-0.1537419203668832,-1.3020951952785254,1.94814263843,49.31614,3.445685568000012,3.445685568000012
366,367,-0.7783993892371655,1.6763645876199007,1.6319852601736784,2.4474984128028154,3.035681322216988,44.23317,3.9576867840000056,3.9576867840000056
367,368,2.433246774598956,-2.643888108432293,-3.324095783755183,-3.184843985363841,-1.395881474018097,51.66543,3.2609329920000043,4.592606
368,369,2.0880489982664585,1.4923642855137589,3.669622745364904,4.060819568112493,0.18488684669137,42.94473,4.108135104000002,4.108135104000002
369,370,-0.969836236909032,-3.1031220965087414,-1.2961715459823608,-0.3459368925541639,-4.167636018246412,52.88942,3.1845882240000014,4.837403999999999
370,371,-4.201493887230754,4.20731071382761,0.4306639358401298,0.9047913644462824,-0.8924819063395262,47.40713,3.6309098880000086,3.6309098880000086
371,372,2.7406685426831245,-0.1150209736078977,-4.681671615689993,-4.688487937673926,4.719591410830617,48.61882,3.524043456000006,3.524043456000006
372,373,4.344581598415971,3.3109111804515123,-0.5026657320559025,-2.5083093717694283,3.419235898181796,44.27537,3.959874432000008,3.959874432000008
373,374,-2.602454274892807,-2.40335825830698,4.375294744968414,1.839853338897228,-2.246535839512944,48.07248,3.5667129600000096,3.5667129600000096
374,375,-1.943733412772417,0.9868150390684604,-3.5218991711735725,-1.9108846783638,-2.7311858162283897,52.24894,3.217497984000006,4.709308
375,376,1.1092593427747488,-4.376214640215039,1.5220200456678867,3.7409883737564087,1.7141253873705864,46.01514,3.771800640000003,3.771800640000003
376,377,0.5631336942315102,4.46970627643168,-3.067727629095316,2.140218038111925,-4.691678155213594,47.99733,3.586189248000013,3.586189248000013
377,378,-1.398521838709712,-1.0608577728271484,1.9664020836353304,-3.511657398194074,0.8620891533792019,49.02858,3.4757631360000096,3.4757631360000096
378,379,-3.147025378420949,2.49724930152297,-0.957023836672306,2.7379576675593853,4.158967295661569,45.33156,3.8400514560000127,3.8400514560000127
379,380,4.891290459781885,-3.385198200121522,3.93071660771966,-1.6102074272930622,-0.1737386640161276,46.0964,3.7693244160000026,3.7693244160000026
380,381,3.287062114104629,0.0235856976360082,1.2365440092980862,-0.6653848011046648,-1.685867616906762,46.64292,3.706385472000001,3.706385472000001
381,382,-4.746361244469881,-4.135488886386156,-3.8855715095996857,4.927896885201335,2.700524842366576,50.21644,3.3895152000000124,4.302807999999999
382,383,-0.424310564994812,3.0120479315519333,2.8638529404997826,-3.821708420291543,2.238132953643799,45.94266,3.778615872000013,3.778615872000013
383,384,1.5422184113413095,-1.420748746022582,-2.092151846736669,0.5850504245609045,-3.4084298461675644,49.85503,3.4044140160000014,3.4044140160000014
384,385,1.5007559303194284,1.836608117446304,1.070852680131793,-4.820560794323683,1.556762969121337,47.14228,3.660958080000012,3.660958080000012
385,386,-0.4608997702598572,-2.744236085563898,-4.051262764260173,0.7922145910561085,-2.883423874154687,52.54781,3.207701952,4.769081999999999
386,387,-4.709710646420717,3.84845182299614,3.032023767009377,-0.4573621042072773,-2.0985712856054306,47.80403,3.594881088000004,3.594881088000004
387,388,3.3286050613969564,-0.4592823889106512,-1.9239809457212689,3.929826747626066,3.582092523574829,44.08414,3.9768727680000033,3.9768727680000033
388,389,4.849815461784601,3.669794732704759,-2.901387708261609,3.619774905964732,4.56688379868865,42.16265,4.207889088000003,4.207889088000003
389,390,-3.183608027175069,-2.0591121166944504,2.132742078974843,-2.012531729415059,-1.0502909310162067,50.58089,3.344856768000004,4.375698
390,391,-1.3618599157780409,0.642556082457304,-1.1208842601627111,1.7370356526225803,-4.005557959899306,49.50946,3.434025024000004,3.434025024000004
391,392,0.6046688929200172,-4.735075840726495,3.7668562587350607,-2.630621949210763,0.3321047220379114,48.89133,3.49651814400001,3.49651814400001
392,393,1.1508058663457632,4.818813847377896,-0.3150016535073519,-1.653876481577754,-3.5734055656939745,47.4241,3.629980224000004,3.629980224000004
393,394,-1.9070792384445667,-0.706835500895977,4.562958898022771,2.7137787360697985,2.0874046813696623,44.74841,3.903128640000003,3.903128640000003
394,395,-2.639044672250748,2.143216002732516,-3.707160046324134,-3.536911597475409,2.855529300868511,49.93074,3.4005139200000007,3.4005139200000007
395,396,4.303117925301194,-3.734285207465291,1.3367592450231314,2.0953926537185907,-1.5263887867331505,46.55662,3.718422720000003,3.718422720000003
396,397,2.782202549278736,0.3776055108755827,3.486193073913455,0.5304433032870293,-0.323683600872755,44.72838,3.907559232000008,3.907559232000008
397,398,-4.164833156391978,-3.7863790057599545,-1.4796011429280045,-3.8567431643605232,3.9947334863245487,52.61021,3.210069312000005,4.781562000000001
398,399,-1.0064153093844652,2.662963382899761,0.6164968106895685,4.893956482410431,1.0220518428832293,44.17046,3.965286528000003,3.965286528000003
399,400,2.046577576547861,-1.774784354493022,-4.495838666334748,-0.7188165187835693,-4.536241395398974,52.54862,3.2020220160000057,4.7692440000000005
400,401,2.474790317937732,2.849978152662516,4.843461327254772,1.410232037305832,3.248152127489448,41.77634,4.252030848000008,4.252030848000008
401,402,-0.7417481951415539,-1.316123502328992,-0.2785778604447841,-2.9378925263881683,-2.389792585745454,51.35285,3.2804300160000075,4.53009
402,403,-3.813493736088276,0.213135601952672,1.7592244409024715,3.311653397977352,-2.549478113651276,48.04908,3.5649089280000017,3.5649089280000017
403,404,2.9699391592293978,-4.226080812513828,-3.196856677532196,-2.3401815071702003,1.8479789048433304,49.99771,3.397885632000011,3.397885632000011
404,405,3.948719277977944,2.2661811485886574,-1.6725753620266914,-0.1502327527850866,0.0031994096934795,45.72154,3.801397824000005,3.801397824000005
405,406,-2.839587023481726,-3.2530785631388426,3.36163068190217,4.256485560908914,-4.30150980129838,48.91881,3.49159334400001,3.49159334400001
406,407,-2.3407782707363367,4.668421028181911,-4.849582109600306,-4.493069676682353,-0.7213802542537451,51.49495,3.2773075200000084,4.558510000000002
407,408,0.8708677254617214,-1.2021183781325817,0.0380820035934448,1.1001714784651997,4.862830275669694,45.17065,3.856457088000004,3.856457088000004
408,409,0.1666976977139711,1.1202125996351242,-4.083184041082859,4.575923969969153,-1.8566677439957853,47.68322,3.608190144000004,3.608190144000004
409,410,-1.6363045945763588,-4.605966722592712,0.7947001792490482,-1.01731956936419,2.5606464128941298,49.47082,3.442856832000005,3.442856832000005
410,411,-3.544720243662596,3.1708140578120947,-2.439092043787241,0.2334015350788831,2.417687810957432,47.67294,3.604525056000008,3.604525056000008
411,412,4.652325166389346,-2.20351817086339,2.604903429746628,-4.173319162800908,-3.278526850044728,48.75101,3.507921216000007,3.507921216000007
412,413,3.673230912536383,4.310810621827841,2.2523441538214684,-3.2382667250931263,-4.87125089392066,46.7481,3.703401216000005,3.703401216000005
413,414,-4.518921980634332,-0.278254235163331,-2.7135263942182064,2.413570564240217,0.7322040386497974,49.68592,3.422955456000007,3.422955456000007
414,415,-0.0369591917842626,1.4004562888294458,4.350536521524191,-1.33714122697711,4.329747157171369,44.0055,3.987645120000008,3.987645120000008
415,416,1.7709165066480637,-2.914850115776062,-0.7617227733135223,3.0109857209026814,-0.0338399689644575,47.09129,3.6578096640000055,3.6578096640000055
416,417,1.6986666060984137,3.9543669298291206,-3.564506331458688,1.0816678404808044,0.5082232411950827,46.04379,3.770428608000004,3.770428608000004
417,418,-0.2679004985839128,-0.4882168304175138,1.547843748703599,-4.555519223213196,-3.868423262611032,51.39452,3.281807232,4.538424
418,419,-4.590866742655635,1.590884355828166,-0.5357373785227537,4.196401350200176,-1.2258753925561905,47.85995,3.58710336000001,3.58710336000001
419,420,3.4425947442650795,-2.577934395521879,4.430032698437572,-0.1663710549473762,4.430435746908188,43.70638,4.024460160000007,4.024460160000007
420,421,4.421536410227418,0.9297836758196354,0.407582065090537,-2.361198654398322,3.679399695247412,44.64909,3.917251584000012,3.917251584000012
421,422,-3.616817593574524,-4.94288151152432,-4.636313086375594,3.256457159295678,-1.8841505236923688,54.34822,3.1007352960000096,5.129164000000001
422,423,-1.866788137704134,3.5272586066275835,3.617016272619367,-2.995453653857112,-2.981265103444457,47.9084,3.5813111040000067,3.5813111040000067
423,424,0.0949055608361959,-1.993556506931781,-1.260958882048726,1.3868500012904406,1.3416555617004633,47.71317,3.5928956160000136,3.5928956160000136
424,425,0.6400780752301216,1.92926874384284,2.821319689974189,2.9123015608638525,-4.438855918124318,45.95752,3.7784517120000025,3.7784517120000025
425,426,-2.4128765147179365,-3.4435098711401224,-2.066406821832061,-1.470004478469491,1.236698729917407,51.75415,3.259175616000004,4.61035
426,427,-3.070071460679173,4.878380307927728,1.2033984530717134,2.2783419769257307,3.89666136354208,43.79044,4.008388032000002,4.008388032000002
427,428,3.8769262470304966,-0.8456714451313019,-3.830754877999425,-3.339316220954061,-0.5388645455241203,49.84743,3.409442496000004,3.409442496000004
428,429,2.897688364610076,2.640017941594124,-0.9800270292907952,-4.26948981359601,-1.3503439538180828,48.09628,3.565632960000009,3.565632960000009
429,430,-4.044435936957598,-1.672569578513503,3.976001227274537,0.0932849757373333,2.992432955652476,47.03543,3.669611904000003,3.669611904000003
430,431,-0.8136938512325287,0.5500489380210638,-3.120412779971957,-1.1550712399184704,1.9120464939624071,48.75711,3.4980301440000057,3.4980301440000057
431,432,2.244153255596757,-4.035650361329317,2.0016886573284864,4.482118207961321,-3.709775162860751,47.21444,3.653966592000013,3.653966592000013
432,433,1.965018585324288,0.1090515498071909,-2.337600216269493,-2.6859758608043194,4.765587588772178,46.78056,3.689974656000003,3.689974656000003
433,434,-1.246665706858039,-4.201418831944466,2.77467368170619,1.715862024575472,-0.9358843509107828,48.45895,3.529725120000008,3.529725120000008
434,435,-4.246697286143899,3.097532968968153,-4.262834321707487,-2.0360702462494373,-4.203580468893051,54.05949,3.1081674240000106,5.071418
435,436,2.5416470132768154,-1.4866976533085108,0.7030120864510536,3.562056105583906,0.2182375639677047,45.23431,3.8507719680000014,3.8507719680000014
436,437,4.0627149771898985,4.384245192632079,4.178587272763252,3.867230294272304,1.6717722825706005,40.6973,4.396228992000012,4.396228992000012
437,438,-2.7207562141120434,-0.9949230588972569,-0.8653840608894825,-0.4760138411074877,-2.686543557792902,51.45208,3.276994752000009,4.549936000000001
438,439,-2.1477873995900154,2.4117690324783325,2.3461254127323627,0.7759281899780035,-2.2142726089805365,47.06318,3.662138304000001,3.662138304000001
439,440,1.0687891114503143,-3.319244524464011,-2.5317734107375145,-4.88079191185534,3.3846835140138865,50.80374,3.340296576000004,4.420268
440,441,0.3642674349248409,3.38170955888927,1.5890740603208542,-0.858774809166789,-0.2098156977444887,45.77765,3.795833664000006,3.795833664000006
441,442,-1.4435699675232172,-2.4936831556260586,-3.298576045781374,4.797942908480763,4.192755250260234,46.82829,3.687332544000013,3.687332544000013
442,443,-3.424314698204398,1.0575943812727928,4.935529548674822,-3.950391849502921,0.9076457098126413,47.8334,3.591044928000012,3.591044928000012
443,444,4.767800197005272,-4.466520426794887,-0.098700039088726,0.3928499016910791,-4.734945632517338,49.63345,3.4326910080000053,3.4326910080000053
444,445,3.247047560289502,1.4215706754475832,-4.746303334832192,1.9626769050955768,-3.375995811074972,48.37546,3.547107072000011,3.547107072000011
445,446,-4.949959553778172,-3.012792430818081,0.2098013274371624,-3.6354470625519753,2.2031052596867085,52.58078,3.214715904000007,4.775675999999999
446,447,-0.5427624098956585,4.13653613999486,-1.8539458326995373,2.612877935171128,2.658649431541562,44.65317,3.914409024000004,3.914409024000004
447,448,1.2602018844336271,-0.0247104186564683,3.268079347908497,-1.788957566022873,-1.64139854721725,47.13475,3.6578822400000073,3.6578822400000073
448,449,1.3925817050039768,3.480297112837434,-1.4904856774955988,4.712603008374572,-3.827031943947077,45.79846,3.795895872000008,3.795895872000008
449,450,-0.5471394676715136,-1.889150515198708,3.553414130583405,-0.9197036270052196,0.6229391507804394,47.23066,3.6469578240000136,3.6469578240000136
450,451,-4.896961180493236,0.804621260613203,-4.409079207107425,0.3310939203947782,4.515916490927339,49.43145,3.45364992000001,3.45364992000001
451,452,3.163365311920643,-4.916677037253976,0.468900678679347,-4.036563681438565,-1.154963364824653,50.88229,3.331760256000002,4.435978
452,453,4.762415224686265,1.7160423751920462,4.649575045332313,-3.7265084125101566,-1.984133357182145,45.33955,3.8455499520000105,3.8455499520000105
453,454,-3.293019086122513,-2.604143861681223,-0.4627799149602651,1.8862669728696344,3.623294373974204,47.96539,3.5747844480000097,3.5747844480000097
454,455,-1.5258997865021229,4.001323282718658,1.3257116544991732,-1.864520963281393,1.2756942957639694,46.20211,3.7502922240000016,3.7502922240000016
455,456,0.418694531545043,-0.5926273670047522,-3.640063228085637,2.5226678885519505,-3.07171568274498,49.66571,3.4230349440000083,3.4230349440000083
456,457,0.9657079353928566,0.5176595877856016,2.0827637519687414,1.625116690993309,1.1462564952671528,44.90196,3.885299136000012,3.885299136000012
457,458,-2.0750491600483656,-3.9069066010415554,-2.873259847983718,-2.7620697766542435,-4.504806455224752,58.77526,2.915046144000011,6.014572000000001
458,459,-2.7444511372596025,2.529580257833004,3.892633216455579,3.487399704754353,-0.5949877481907606,44.82545,3.895352640000002,3.895352640000002
459,460,4.214763138443232,-1.6218747477978468,-1.2294634897261858,-2.125373296439648,3.7966773379594088,46.3007,3.7426199040000014,3.7426199040000014
460,461,2.615399127826094,4.988813595846295,-3.925610641017556,-0.5604297574609518,3.0633509438484907,45.03157,3.8785616640000105,3.8785616640000105
461,462,-4.348688293248415,-0.8963712677359581,0.9621109906584024,3.8072254601866007,-1.2648500967770815,48.379,3.536329536000013,3.536329536000013
462,463,-1.095973551273346,1.9616529531776905,-1.9741408061236143,-4.942253632470965,-3.595074750483036,52.64122,3.194821440000009,4.787764
463,464,1.939891362562776,-3.572258176282048,3.060007719323039,0.6900506187230349,1.9534342363476755,45.86728,3.7873923840000128,3.7873923840000128
464,465,2.288818284869194,2.4575050547719,-2.763657048344612,-1.5561854373663664,-0.8211744017899036,47.79782,3.59446982400001,3.59446982400001
465,466,-0.9057857003062963,-3.4248759876936674,2.2803191654384136,2.850532876327634,4.80698486790061,45.22506,3.8537493120000126,3.8537493120000126
466,467,-3.922907123342157,4.508182136341929,-0.6360986642539501,-3.4002336021512747,0.289146015420556,49.06517,3.474926784000007,3.474926784000007
467,468,2.882536556571722,-1.0223530046641829,4.241804964840412,2.193007552996278,-4.118096148595214,45.82802,3.791961216000006,3.791961216000006
468,469,3.783477200195193,2.973590884357691,0.9205051511526108,0.0030646100640296,-2.742657223716378,45.51763,3.82484332800001,3.82484332800001
469,470,-3.0268399231135845,-1.459272252395749,-4.1917734034359455,-4.3450599536299706,1.5717977937310934,53.85456,3.1168316160000016,5.030431999999999
470,471,-2.4270156398415565,0.063311131671071,2.5548958964645863,4.405716136097908,3.294231742620468,44.28238,3.9524181120000055,3.9524181120000055
471,472,0.7626958657056093,-4.095792360603809,-2.410955242812633,-1.2461187690496445,-2.280232682824135,52.30925,3.21103699200001,4.721369999999999
472,473,0.0600138865411281,4.16770001873374,3.350593224167824,-4.644815530627966,4.126803521066904,44.66611,3.9165258240000114,3.9165258240000114
473,474,-1.725860396400094,-0.1546796504408121,-1.605506557971239,1.0070217587053776,-0.3002567403018474,48.81179,3.4914551040000075,3.4914551040000075
474,475,-3.728577783331275,1.530782887712121,0.1246892102062702,-0.2424787916243076,-4.8349380027502775,51.16654,3.302619264000009,4.492827999999999
475,476,4.485519304871559,-3.064712733030319,-4.997331164777279,4.105648156255484,0.8515308517962694,47.05673,3.671163648000006,3.671163648000006
476,477,3.5848737228661776,0.9483770281076432,-0.1918094605207443,3.170592291280628,2.2885955404490232,43.55587,4.034907648000005,4.034907648000005
477,478,-4.624330885708332,-4.414604669436812,4.695835988968611,-2.4226512480527163,-3.3050742466002703,53.025,3.17646144,4.864520000000001
478,479,-0.204926710575819,3.350541284307837,-3.2077513448894024,1.326839691027999,-1.6000167652964592,47.77903,3.597035904000012,3.597035904000012
479,480,1.5858210157603023,-2.363718915730715,1.8264735117554665,-3.0798810068517923,2.7733558043837547,47.29675,3.643577856000002,3.643577856000002
480,481,1.8239351455122232,0.7481827773153782,3.984626485034824,-0.9564713668078184,-2.934571448713541,46.46463,3.726679104000014,3.726679104000014
481,482,-0.1206211745738983,-4.7808166313916445,-1.0495080333203075,4.661184446886182,1.4518223516643047,47.51388,3.6185218560000063,3.6185218560000063
482,483,-4.386521894484758,3.6972199101001024,1.912688324227929,-4.087073868140578,3.4868367854505777,47.38061,3.6384387840000114,3.6384387840000114
483,484,3.6688741203397512,-2.1830538287758827,-2.975056851282716,0.2952297870069742,-2.159727355465293,49.14599,3.466641024000003,3.466641024000003
484,485,4.569977466017008,3.821021653711796,-2.155588613823056,2.4900608137249947,-0.9405330661684276,44.38232,3.947830272000005,3.947830272000005
485,486,-3.4903110284358263,-0.335345072671771,2.9665316361933947,-3.1471262499690056,4.613233199343085,47.34266,3.637740672000012,3.637740672000012
486,487,-1.6417074482887983,1.730976877734065,-3.822254529222846,3.1011226028203964,0.4078222066164017,47.69062,3.601841472000003,3.601841472000003
487,488,0.2979754284024238,-2.6985004357993603,1.133755063638091,-1.261649802327156,-3.924882709980011,50.68383,3.3327365760000003,4.396286
488,489,0.8471525367349386,2.792927846312523,-4.588651852682233,-2.8617156110703945,2.168090660125017,48.3681,3.540576960000013,3.540576960000013
489,490,-2.1887503750622272,-1.805953001603484,0.3771376330405473,1.501059178262949,-3.497679736465216,50.26445,3.368984832000002,4.312409999999999
490,491,-2.942688465118408,0.429521044716239,-1.3890714850276709,-2.2509495355188847,-1.4800405781716108,51.30652,3.281764032000006,4.520824
491,492,4.02143725194037,-3.8955959863960734,3.723259335383773,3.3862399123609066,2.965269284322858,43.47186,4.052185920000007,4.052185920000007
492,493,3.120649196207524,2.091295477002859,1.4195681642740965,4.316407693549991,3.933590529486537,41.74059,4.254399936000006,4.254399936000006
493,494,-3.838603077456355,-3.6250726226717234,-3.4583875816315413,-0.0658983457833528,-0.4189333785325289,53.69617,3.118742784000012,4.998754
494,495,-0.667978199198842,4.6888448391109705,4.477550545707345,1.186119830235839,-4.641185589134693,45.48748,3.8293931520000095,3.8293931520000095
495,496,2.3728171922266483,-0.6756719946861267,-0.5663638655096292,-4.431538367643952,0.9708887711167336,48.66484,3.510869184000009,3.510869184000009
496,497,2.168086124584079,4.564010268077254,0.2573102340102196,2.775618201121688,-2.4947272427380085,44.57754,3.925596096000003,3.925596096000003
497,498,-1.0215873830020428,-1.155161652714014,-4.776900615543127,-1.5676259342581034,3.196998592466116,50.13184,3.3815093760000137,4.285887999999999
498,499,-4.120188392698765,2.239971905946732,3.139813896268606,2.180644376203418,1.7868264112621546,45.35527,3.837328128,3.837328128
499,500,2.690090434625745,-3.1279209163039923,-1.7478550970554352,-3.4760757256299257,-2.644737428054213,51.80954,3.252680064000008,4.621428
500,501,4.288996681571007,0.2393402997404337,-3.4266987815499306,-3.7812441028654575,-4.255152055993676,51.08043,3.3119400960000127,4.475606
501,502,-2.516409000381828,-4.3512436002492905,1.6953451372683048,0.6205937825143337,0.1129489298909902,49.70617,3.4197672960000065,3.4197672960000065
502,503,-2.0005104038864374,2.954383920878172,-0.0510298646986484,-0.6276859901845455,4.943506717681885,45.3619,3.836966976,3.836966976
503,504,1.1940552853047848,-1.3630846235901115,4.905055910348892,4.970440361648798,-0.6456639617681503,43.86072,4.002944832000005,4.002944832000005
504,505,0.4929289687424898,1.271707760170102,-0.856911726295948,0.8667875081300735,2.636373434215784,45.68293,3.802070016000012,3.802070016000012
505,506,-1.297856755554676,-2.882465533912182,4.108954016119242,-4.731336459517479,-1.7759829573333263,50.94205,3.3273210240000046,4.447930000000001
506,507,-3.218479435890913,4.2601110227406025,-2.62092599645257,4.020660258829594,-3.168778521940112,48.01648,3.58009804800001,3.58009804800001
507,508,4.990763468667865,-0.1678213197737932,2.4913284182548523,-0.3811752423644066,2.464027674868703,43.74134,4.017475584000008,4.017475584000008
508,509,3.3915609680116177,3.221509112045169,2.685644142329693,-1.9510056730359795,0.6369578372687101,44.30383,3.956458176000002,3.956458176000002
509,510,-4.822574118152261,-2.31395622715354,-2.1922353468835354,3.705712044611573,-4.932397427037358,53.68653,3.155524992000003,4.996826
510,511,-0.3186386730521917,1.248956136405468,0.7116653583943844,-2.5462752114981413,-0.0849970802664756,48.00411,3.568783104000009,3.568783104000009
511,512,1.4672739058732986,-4.638355700299144,-4.332325458526611,1.796966539695859,4.224797002971172,48.33107,3.547513152000012,3.547513152000012
512,513,1.480878796428442,3.239638628438115,0.4950430803000927,0.661995429545641,3.014814537018537,43.90162,3.995669952,3.995669952
513,514,-0.3245171997696161,-2.330865003168583,-4.392697736620903,-4.994760435074568,-1.373183224350214,55.5345,3.03194707200001,5.36642
514,515,-4.807703336700797,1.2277367152273655,3.529517091810704,3.757198285311461,-3.722949018701911,47.67684,3.610818432000007,3.610818432000007
515,516,3.386852964758873,-4.615915613248944,-1.504612397402525,-0.586081612855196,1.924457335844636,48.26738,3.5512421760000024,3.5512421760000024
516,517,4.986198442056775,1.253883419558406,-3.6528253741562366,-2.1559121925383806,1.1764539685100317,46.93876,3.6809752320000055,3.6809752320000055
517,518,-3.2034844532608986,-2.8658619336783886,1.3031790405511856,3.442249922081828,-4.378153318539262,50.34672,3.365188416000003,4.328864
518,519,-1.3036115281283855,4.281025268137455,-0.4474565014243126,-2.809699038043618,-0.4878751933574676,47.91441,3.578361408000011,3.578361408000011
519,520,0.5066769849509001,-0.1899562310427427,4.674659240990877,1.5921746101230383,3.8464348763227454,43.32666,4.062094272000008,4.062094272000008
520,521,1.209663823246956,0.2624098863452673,-1.2435566075146198,2.5702921766787767,-1.935604866594076,47.204,3.648810240000008,3.648810240000008
521,522,-2.0044618751853704,-4.373092371970415,3.868779167532921,-1.8315838556736708,3.7316169030964375,47.99363,3.5852198400000006,3.5852198400000006
522,523,-2.5020520482212305,2.9380663484334946,-2.856845073401928,1.9168007466942072,1.4035764802247286,47.19793,3.650380992000005,3.650380992000005
523,524,4.283850844949484,-1.3455464597791431,2.1089488454163074,-3.681363752111793,-3.0427281837910414,48.37195,3.539080512000012,3.539080512000012
524,525,2.684820694848895,4.541245857253671,3.08513505384326,-3.986531980335712,-3.857240276411176,46.5709,3.718113408000004,3.718113408000004
525,526,-4.105974715203047,-1.1336180567741394,-1.9587839394807816,0.3567503020167351,0.4962772410362959,50.71424,3.337402176000009,4.402368
526,527,-1.0256816819310188,2.255984302610159,0.9396212175488472,-0.8916440606117249,4.408814795315266,45.17209,3.857203584000005,3.857203584000005
527,528,2.183570610359311,-3.1451539043337107,-3.938339632004499,4.765114188194275,-1.2047121301293373,48.23705,3.5536527360000014,3.5536527360000014
528,529,2.37678874284029,2.07499697804451,4.227864379063249,-3.105532079935074,2.2583886049687862,44.35505,3.949886592000005,3.949886592000005
529,530,-0.6834900658577681,-3.607553532347083,-0.6598000321537256,1.276812106370926,-3.431736845523119,51.10192,3.304551168000005,4.479904
530,531,-3.833360793069005,4.711895352229476,2.296886472031474,-2.47515831142664,-1.707119857892394,48.0658,3.568022784000008,3.568022784000008
531,532,3.106312695890665,-0.6975016929209232,-2.737319273874164,3.142538033425808,2.723607728257776,45.24997,3.8507443200000018,3.8507443200000018
532,533,4.0069766994565725,2.808921169489622,-2.385980552062392,4.07270566560328,4.175330465659499,42.53572,4.159206144000005,4.159206144000005
533,534,-2.937589008361101,-1.8231669161468744,2.5701002683490515,-0.2901072707027197,-0.191933074966073,48.82088,3.4960602240000083,3.4960602240000083
534,535,-2.204405516386032,0.4067757073789835,-4.21441582031548,0.9618729073554276,-4.7070542722940445,52.83542,3.190008960000004,4.826604
535,536,0.8510001841932535,-3.874071463942528,0.9076236654073,-4.67535468749702,0.8805172145366669,50.57987,3.356195904000006,4.3754940000000015
536,537,0.3036812879145145,3.799783159047365,-4.971036231145263,-1.200974294915795,-2.7124585025012493,49.97363,3.404982528000006,3.404982528000006
537,538,-1.6555615980178118,-0.3128859121352434,0.1412233617156744,4.436250915750861,1.6984500922262669,45.7098,3.7976031360000135,3.7976031360000135
538,539,-3.485852060839534,1.7491254676133394,-1.6292510647326708,-4.31212198920548,3.401343049481511,49.60696,3.4267656960000057,3.4267656960000057
539,540,4.554933644831181,-2.715428285300732,3.33661918528378,0.0506885629147291,-2.23047430627048,46.33189,3.740959296000004,3.740959296000004
540,541,3.653973424807191,0.7691160961985588,1.813558721914888,2.245519738644361,-0.8697125036269426,44.4259,3.940377408000004,3.940377408000004
541,542,-4.381939172744751,-4.802970616146922,-3.230436453595757,-3.372174222022295,4.698652727529407,54.15557,3.1324821120000124,5.090634
542,543,-0.134351123124361,3.679376496002078,4.711006758734584,2.876188922673464,0.1612734422087669,43.01745,4.09939833600001,4.09939833600001
543,544,1.829783981665969,-2.1664311550557613,-0.1668777596205473,-1.506152879446745,-4.147074036300182,50.53573,3.345547968000004,4.366666
544,545,1.6012843418866396,0.9693100862205029,-2.989192958921194,-4.381506145000458,4.0608529560267925,47.96118,3.579583104,3.579583104
545,546,-0.2090421691536903,-4.436758318915963,1.8887818977236748,1.211775541305542,-0.3905659355223179,48.472,3.527893440000013,3.527893440000013
546,547,-4.610133599489927,3.332698130980134,-1.033117175102234,-0.0378393009305,-4.593258043751121,51.13361,3.311641152,4.486241999999999
547,548,3.5795875918120146,-2.3470965772867203,4.010778274387121,4.368919543921948,1.0786106530576944,43.26353,4.073362560000001,4.073362560000001
548,549,4.480395223945379,4.14646178483963,1.1588298715651035,3.433863529935479,2.061589946970344,41.62805,4.271667840000007,4.271667840000007
549,550,-3.714199075475335,-0.1322208251804113,-3.8069405034184456,-2.2180119063705206,-3.546827817335725,55.39676,3.031852032000001,5.338872
550,551,-1.729794880375266,1.5489312168210745,2.9440084099769592,1.5315936226397753,-1.5096291899681091,46.37693,3.731835456000004,3.731835456000004
551,552,0.0756394118070602,-3.081640247255564,-2.168341372162104,-2.816571472212672,2.839227393269539,50.06332,3.3889674240000085,4.272184
552,553,0.7764602731913328,2.989583872258663,3.749454114586115,-1.2921892199665308,-1.067806389182806,45.43092,3.8342384640000087,3.8342384640000087
553,554,-2.432754021137953,-1.4764859061688185,-1.3726470246911049,3.0559734907001257,4.584856946021318,46.52598,3.713425344000001,3.713425344000001
554,555,-3.011823780834675,0.0405661296099424,0.3532738983631134,-3.1947549898177385,0.3599055577069521,50.16013,3.375957312000008,4.291546
555,556,3.778933333232999,-4.074268098920584,-4.602754656225443,2.45711806230247,-4.032595781609416,50.91952,3.331860480000004,4.443423999999999
556,557,2.8778115659952164,2.441206891089678,-0.5790831707417965,0.267175268381834,-2.8280786145478487,46.62718,3.7056528000000006,3.7056528000000006
557,558,-3.9080533292144537,-3.407357158139348,4.455070458352566,-4.139581192284823,1.5009598713368175,50.42443,3.3739649280000035,4.344405999999999
558,559,-0.9116859827190638,4.531232314184308,-3.4430404007434845,4.611156601458788,3.5164332762360573,44.1727,3.9702579840000114,3.9702579840000114
559,560,2.3024014197289944,-1.0441824421286583,1.4446858130395412,-0.9821227006614208,-2.033674903213978,47.735,3.5980018560000104,3.5980018560000104
560,561,1.9457619544118645,4.966049520298839,-1.721507636830211,1.849478054791689,0.7434490881860256,44.36395,3.947754240000004,3.947754240000004
561,562,-1.1096817441284657,-0.8748279325664043,3.1563908886164427,-2.51821530982852,-4.883258808404207,50.60558,3.342403008000012,4.380636000000001
562,563,-4.344088584184647,1.977665014564991,-4.800611669197679,3.731368761509657,-0.0553990062326192,49.37918,3.4607070720000106,3.4607070720000106
563,564,2.600515419617296,-3.5894909035414457,0.24335996247828,-1.900973636657,4.350848356261849,46.91684,3.685144896000012,3.685144896000012
564,565,4.199698157608509,0.5407288391143084,4.892184110358357,-0.3360302466899156,2.5091015454381704,42.85822,4.12152537600001,4.12152537600001
565,566,-2.7400133293122053,-3.928755111992359,-0.0736625958234071,4.051194367930293,-1.804359862580896,49.68503,3.4173100800000134,3.4173100800000134
566,567,-2.0889197010546923,2.513263020664453,1.710539823397994,-4.69839901663363,-3.2166966050863266,50.36324,3.3618153600000062,4.332167999999999
567,568,0.971397403627634,-1.6043368447571993,-3.4017337765544653,0.9144121315330268,2.3563152551651,47.90074,3.578518656000007,3.578518656000007
568,569,0.4225251916795969,1.6982182953506708,2.4773449916392565,4.937498541548848,-4.3616545014083385,45.40977,3.835033344000011,3.835033344000011
569,570,-1.5415719151496887,-2.5875405967235565,-2.644679890945554,-0.6753149908035994,0.0638017989695072,51.23275,3.2924741760000096,4.506070000000001
570,571,-3.287941385060549,4.02223726734519,4.125497555360198,0.5754442606121302,4.913919838145375,43.37735,4.058601984000002,4.058601984000002
571,572,4.747932916507125,-0.6147619429975748,-0.8306074049323797,-3.8117827381938696,-0.7717068027704954,48.17276,3.5561825280000097,3.5561825280000097
572,573,3.149045202881098,3.498426368460059,-4.307403145357966,-3.501727320253849,-2.3674635309726,49.28708,3.4590620160000056,3.4590620160000056
573,574,-4.891702504828572,-1.906058955937624,0.7268267404288054,2.1306174620985985,3.2253652345389128,47.96086,3.580633728000007,3.580633728000007
574,575,-0.5626301746815443,0.7834021002054214,-2.2149110678583384,-1.6201324760913849,1.8347526714205744,48.35416,3.5346447360000006,3.5346447360000006
575,576,1.3965744152665138,-4.894237285479903,2.672738740220666,2.747563272714615,-2.5370147451758385,47.91726,3.58497792000001,3.58497792000001
576,577,1.2555125821381807,1.4433807414025068,-1.950328852981329,-0.7517916802316904,-0.4320260975509882,47.76926,3.592717632000003,3.592717632000003
577,578,-0.5279489234089851,-3.0358232371509075,3.015446327626705,4.846370434388518,3.9462255593389273,44.18245,3.9676711680000087,3.9676711680000087
578,579,-4.955895822495222,4.11896038800478,-4.027552455663681,-3.901926027610898,0.9930461645126344,51.6167,3.275710848000005,4.582860000000001
579,580,3.260671300813556,-0.0083553325384855,1.0848022066056728,0.4999476205557585,-4.664105996489525,47.55607,3.618991872000002,3.618991872000002
580,581,4.781605061143637,3.360204668715596,3.779728803783655,2.0697744749486446,-3.4467618353664875,43.34048,4.0670432640000085,4.0670432640000085
581,582,-3.4300886187702417,-2.470957525074482,-1.0982507839798927,-3.586981389671564,2.11763059720397,51.95681,3.245674752000008,4.650881999999999
582,583,-1.4285945799201727,1.0748649574816227,2.1175478398799896,2.661305610090494,2.905258098617196,44.50479,3.9281932800000057,3.9281932800000057
583,584,0.3597594052553177,-4.48257033713162,-2.9263522662222385,-1.6819742880761623,-1.41926652751863,52.86852,3.1730227200000014,4.833224
584,585,1.0636245738714931,4.401191482320428,1.3507422246038914,-2.5781533867120743,4.675235105678439,43.92765,3.996547776000003,3.996547776000003
585,586,-2.133373152464628,-1.0130901634693146,-3.683406598865986,1.7651288956403732,-1.0017721075564625,50.4648,3.3494480640000046,4.35248
586,587,-2.7246499434113503,2.38936772570014,4.546414613723755,-1.986917965114117,-3.976561091840267,48.40371,3.535818048000003,3.535818048000003
587,588,4.078304665163159,-3.2980638090521097,-0.3413067199289799,3.669840283691883,0.4599584266543388,45.66124,3.8088887040000072,3.8088887040000072
588,589,2.557074651122093,0.0924104359000921,-4.5207602344453335,3.975014621391893,1.430129799991846,46.07645,3.764181888000012,3.764181888000012
589,590,-4.250772437080741,-4.183556903153658,0.6013361737132072,-0.4268614109605551,-2.9136419110000134,53.58344,3.1288239360000025,4.9762080000000015
590,591,-1.232432434335351,3.1196290999650955,-1.4569249749183657,0.8251949120312929,-2.148310644552112,47.97136,3.5729493120000013,3.5729493120000013
591,592,1.9596918486058712,-1.5075731929391625,3.4990989230573177,-4.772969586774707,3.4749623853713274,46.51814,3.72613824000001,3.72613824000001
592,593,2.229873603209853,2.617597561329603,-3.1827210169285536,2.980489181354642,-4.997885012999177,47.92731,3.596285952000011,3.596285952000011
593,594,-0.8084707148373127,-1.6513697896152737,1.78313042037189,-1.3823237549513578,0.7019877340644598,48.17752,3.552895872000001,3.552895872000001
594,595,-4.059967398643494,0.5670143011957407,-0.2949694637209177,2.36598470248282,4.280008748173714,46.33055,3.734989056000004,3.734989056000004
595,596,2.901716912165284,-4.053836539387703,4.817308792844415,-3.271242892369628,-0.140971839427948,47.55775,3.622449600000008,3.622449600000008
596,597,3.8807925954461098,1.9513839483261108,0.013007940724492,-4.2014166340231895,-1.7483156360685823,47.67793,3.607004736000008,3.607004736000008
597,598,-3.0857838969677687,-3.464404484257102,-4.864895390346646,0.1809275522828102,2.609163951128721,52.05731,3.2389200000000065,4.670982
598,599,-2.407834799960256,4.861720120534301,3.384154355153441,-1.0673903673887253,2.4466838780790567,44.58191,3.923308224000013,3.923308224000013
599,600,0.6256363727152348,-0.827790442854166,-1.6598221566528082,4.550305977463722,-3.150671860203147,47.78769,3.591546048000008,3.591546048000008
600,601,0.0798048917204141,0.9122269973158836,2.57870820350945,1.1502371169626713,0.1298420410603284,45.5166,3.821076288000005,3.821076288000005
601,602,-1.862310022115708,-4.926545498892665,-2.4555169511586428,-4.467456843703985,-4.271282302215695,60.51942,2.8346492160000043,6.363404000000001
602,603,-3.630652148276568,3.549049599096179,0.8185631688684225,4.284578021615744,-0.6716503575444221,45.72403,3.799434816000008,3.799434816000008
603,604,4.427185272797942,-2.0165682397782803,-4.069081982597709,-0.0977637805044651,4.9699509516358376,46.24397,3.750354432000002,3.750354432000002
604,605,3.448424879461527,3.9716184325516224,-0.7490027230232954,-2.292591230943799,3.1398102827370167,44.48207,3.9363079680000137,3.9363079680000137
605,606,-4.604539396241307,-0.5042476672679186,4.37301735393703,3.344633979722857,-2.43830194696784,47.55634,3.6188881920000138,3.6188881920000138
606,607,-0.2632600348442793,1.5693985391408205,-2.728873128071428,-2.9073914233595133,-2.578484443947673,50.94677,3.313066752000007,4.448874
607,608,1.683747060596943,-2.5552278384566307,2.2272269520908594,1.4554191287606957,1.7201157379895449,45.65828,3.8072712960000032,3.8072712960000032
608,609,1.7656109295785427,4.328062981367111,4.443972837179899,4.527305560186505,-1.3219477329403162,42.18158,4.205217600000005,4.205217600000005
609,610,-0.0227047596126794,-0.2942860033363104,-0.512036457657814,-1.1245698761194944,3.1196857150644064,47.03433,3.661894656000003,3.661894656000003
610,611,-4.52298074029386,1.3789696153253317,1.5312756970524788,0.1262658182531595,2.0197777450084686,47.36579,3.634557696000004,3.634557696000004
611,612,3.6886749416589737,-2.892142627388239,-3.590844850987196,-4.221899276599288,-3.6618760973215103,53.35923,3.150226944000009,4.931366000000001
612,613,4.667893098667264,1.1026550643146038,-1.2859328277409077,-3.286846987903118,-4.487975258380175,49.15828,3.469383360000009,3.469383360000009
613,614,-3.5486357286572456,-4.589629778638482,3.601812645792961,2.3064346984028816,1.130188312381506,48.15679,3.5640069120000115,3.5640069120000115
614,615,-1.6219073347747326,3.192605907097459,-4.613670222461224,-1.4443913847208023,3.770628878846765,47.94873,3.5805559680000125,3.5805559680000125
615,616,0.1615161728113889,-2.226530835032463,0.4204639978706836,2.962367460131645,-0.5684815999120474,47.21411,3.643892352000008,3.643892352000008
616,617,0.866343304514885,2.288297284394502,-3.857050258666277,1.3612323440611362,3.651014072820544,45.77019,3.7977050880000087,3.7977050880000087
617,618,-2.325819274410605,-3.273974033072591,1.1868638545274734,-3.04552411660552,-2.0113953668624163,52.47348,3.2024246400000065,4.754216000000001
618,619,-2.845382103696465,4.651759909465909,-2.042663060128689,3.203983511775732,-3.0890069529414177,47.70457,3.606278976000008,3.606278976000008
619,620,3.962502982467413,-1.1842365190386772,2.835292983800173,-2.3892957903444767,1.2937485799193382,45.6832,3.806699328000013,3.806699328000013
620,621,2.9835798870772123,2.8275568410754204,2.014604192227125,-0.199346886947751,0.5573513545095921,44.19915,3.9650567040000055,3.9650567040000055
621,622,-3.8194130174815655,-1.2949228566139936,-3.0977269262075424,4.1488158237189054,-3.7619019858539104,51.67422,3.273473088000009,4.594363999999999
622,623,-0.7269129529595375,0.2301018964499235,3.9608309045434,-4.600701415911317,-1.099851680919528,48.63843,3.514902336000006,3.514902336000006
623,624,2.4701227713376284,-4.244267847388983,-1.0049582831561563,1.051171636208892,4.460041942074895,46.41493,3.729545856000008,3.729545856000008
624,625,2.0316362753510475,0.3609634656459093,0.6768692377954721,-1.741366619244218,-3.3268668595701456,48.49858,3.5251735680000005,3.5251735680000005
